,ID,Organics_wt_%,Paper_and_cardboard_wt_%,Plastics_wt_%,Non_combust_wt_%,Total_weight_(kg),energy_kWh_per_kg,total_energy_kWh,eps,plastic_bags,pet_bottles,pp,flexibles_film,other_plastic,feminine_hygiene,cardboard,drinkbags,nappies,hdpe_bottles,paper,aluminium_cans,jars,other_organics,food,lpb,aluminium_recyclable,steel_cans,other_sanitary_waste,textiles,other,bottles_wine_and_spirits,bottles_cds,other_metal,other_glass
0,1,0.23595505617977527,0.3595505617977528,0.40449438202247195,0.0,0.534,1.3,0.69,0.01,0.026,0.03,0.017,0.066,0.067,0.126,0.192,0.0,0.0,0.0,0.0,0.0,0.0,0.0,0.0,0.0,0.0,0.0,0.0,0.0,0.0,0.0,0.0,0.0,0.0
1,2,0.7380217972444992,0.01624511618342587,0.18363150318733293,0.062101583384741935,4.8629999999999995,2.76,13.42,0.003,0.058,0.147,0.075,0.196,0.188,0.0,0.0,0.0115,0.063,0.203,0.07,0.013,0.26,0.537,2.989,0.009,0.029,0.0,0.0,0.0,0.0,0.0,0.0,0.0,0.0
2,3,0.8948258369969564,0.01657084883327697,0.06831247886371324,0.020290835306053433,2.9570000000000003,3.03,8.96,0.035,0.075,0.0,0.0,0.012,0.023,0.0,0.0,0.0,0.0,0.057,0.031,0.0,0.0,0.0,1.927,0.0,0.013,0.047,0.719,0.018,0.0,0.0,0.0,0.0,0.0
3,4,0.4076923076923077,0.09487179487179487,0.258974358974359,0.23846153846153845,0.39,1.72,0.67,0.003,0.065,0.0,0.0,0.028,0.0,0.0,0.037,0.005,0.0,0.0,0.0,0.0,0.0,0.0,0.0,0.0,0.0,0.093,0.159,0.0,0.0,0.0,0.0,0.0,0.0
4,5,0.8966525836854079,0.027299317517062067,0.07604809879753006,0.0,3.0770000000000004,3.09,9.51,0.0,0.068,0.0,0.024,0.106,0.0,0.071,0.047,0.018000000000000002,0.0,0.0,0.0,0.0,0.0,0.0,2.366,0.037,0.0,0.0,0.322,0.0,0.0,0.0,0.0,0.0,0.0
5,6,0.7351453855878635,0.03476611883691529,0.11061946902654868,0.11946902654867256,6.328,2.63,16.64,0.038,0.25,0.23,0.016,0.137,0.029,0.914,0.091,0.0,1.203,0.0,0.0,0.0,0.0,0.0,0.881,0.129,0.027,0.698,1.654,0.0,0.031,0.0,0.0,0.0,0.0
6,7,0.6664544875875239,0.07744536388712073,0.16656057712709527,0.08953957139826015,4.713,2.59,12.21,0.1,0.14,0.158,0.0,0.35,0.004,0.0,0.365,0.0,0.0,0.033,0.0,0.0,0.134,0.0,3.141,0.0,0.099,0.102,0.0,0.0,0.087,0.0,0.0,0.0,0.0
7,8,0.33080424886191195,0.0763060914805983,0.2727075655755474,0.32018209408194226,4.6129999999999995,1.39,6.41,0.01,0.138,0.436,0.0,0.297,0.347,0.0,0.159,0.003,0.0,0.027,0.0,0.0,0.958,0.0,1.526,0.193,0.014,0.127,0.0,0.0,0.0,0.378,0.0,0.0,0.0
8,9,0.0890125173852573,0.444598980064905,0.4153917477978674,0.05099675475197033,2.157,0.52,1.12,0.027,0.098,0.238,0.0,0.247,0.052,0.0,0.495,0.005,0.098,0.229,0.329,0.0,0.0,0.0,0.094,0.135,0.021,0.089,0.0,0.0,0.0,0.0,0.0,0.0,0.0
9,10,0.7843039240189952,0.1657085728567858,0.04873781554611347,0.0012496875781054736,4.001,2.97,11.88,0.04,0.057,0.043,0.0,0.04,0.015,0.0,0.617,0.0,1.781,0.0,0.0,0.0,0.0,0.0,1.24,0.046,0.005,0.0,0.117,0.0,0.0,0.0,0.0,0.0,0.0
10,11,0.179519595448799,0.2642225031605563,0.5562579013906448,0.0,0.791,1.02,0.81,0.0,0.057,0.189,0.0,0.114,0.019,0.059,0.0,0.005,0.027,0.056,0.161,0.0,0.0,0.0,0.056,0.0,0.0,0.0,0.0,0.048,0.0,0.0,0.0,0.0,0.0
11,12,0.0,0.20680628272251309,0.7931937172774869,0.0,0.764,0.0,0.0,0.005,0.111,0.171,0.0,0.16,0.0,0.0,0.0,0.005,0.0,0.154,0.014,0.0,0.0,0.0,0.0,0.0,0.0,0.0,0.0,0.144,0.0,0.0,0.0,0.0,0.0
12,13,0.6922720962517352,0.16520129569643682,0.09578898658028691,0.04673762147154095,2.161,2.72,5.88,0.009,0.03,0.026,0.0,0.128,0.009,0.0,0.0,0.005,1.496,0.0,0.357,0.0,0.0,0.0,0.0,0.0,0.0,0.008,0.0,0.0,0.093,0.0,0.0,0.0,0.0
13,14,0.270995670995671,0.2324675324675325,0.27965367965367965,0.21688311688311687,2.3100000000000005,1.28,2.96,0.038,0.082,0.104,0.0,0.335,0.082,0.0,0.0,0.005,0.0,0.0,0.537,0.062,0.0,0.0,0.626,0.0,0.024,0.095,0.0,0.0,0.0,0.0,0.32,0.0,0.0
14,15,0.9505800464037125,0.0,0.046635730858468685,0.0027842227378190258,4.3100000000000005,3.1,13.36,0.0,0.04,0.089,0.0,0.016,0.046,0.091,0.0,0.01,0.0,0.0,0.0,0.0,0.0,0.0,4.006,0.0,0.0,0.0,0.0,0.0,0.0,0.0,0.0,0.012,0.0
15,16,0.17381421427489013,0.2468555841794211,0.18836187301106225,0.39096832853462643,6.599,0.78,5.15,0.011,0.324,0.172,0.0,0.4,0.232,0.071,0.0,0.005,0.0,0.099,0.859,0.032,0.713,0.0,0.178,0.03,0.0,1.835,0.898,0.74,0.0,0.0,0.0,0.0,0.0
16,17,0.7364061937342455,0.019445444724522868,0.16492617933021247,0.07922218221101908,5.553999999999999,2.72,15.11,0.026,0.31,0.338,0.0,0.048,0.151,0.0,0.0,0.0,0.691,0.043,0.07,0.058,0.0,0.0,3.399,0.0,0.156,0.226,0.0,0.038,0.0,0.0,0.0,0.0,0.0
17,18,0.42782060266292926,0.11527680448493342,0.24737210932025225,0.2095304835318851,2.854,1.82,5.19,0.029,0.0,0.198,0.0,0.236,0.0,0.0,0.0,0.11,0.0,0.133,0.308,0.026,0.0,0.0,0.321,0.021,0.34,0.232,0.9,0.0,0.0,0.0,0.0,0.0,0.0
18,19,0.9391569459172852,0.025450689289501588,0.018822905620360552,0.0165694591728526,7.544,3.06,23.08,0.0,0.0,0.084,0.0,0.058,0.0,0.0,0.192,0.0,0.0,0.0,0.0,0.0,0.0,0.0,5.585,0.0,0.025,0.0,1.5,0.0,0.1,0.0,0.0,0.0,0.0
19,20,0.6797257590597454,0.01802154750244858,0.28344760039177275,0.018805093046033304,5.1049999999999995,2.76,14.09,0.045,0.123,0.95,0.024,0.271,0.0,0.0,0.0,0.0,0.0,0.034,0.074,0.0,0.0,0.0,1.99,0.018,0.0,0.0,1.48,0.0,0.096,0.0,0.0,0.0,0.0
20,21,0.7534314948839532,0.17581731969054157,0.06788120788619917,0.0028699775393062144,8.014,2.92,23.4,0.0,0.112,0.025,0.128,0.249,0.0,0.472,0.0,0.0,0.0,0.03,1.309,0.0,0.0,0.0,5.566,0.0,0.016,0.0,0.0,0.1,0.0,0.0,0.0,0.007,0.0
21,22,0.3369379624359704,0.025611838360842347,0.4359704040978941,0.20147979510529312,1.7570000000000001,1.54,2.71,0.0,0.083,0.48,0.0,0.087,0.065,0.0,0.0,0.0,0.0,0.051,0.045,0.0,0.249,0.147,0.445,0.0,0.0,0.105,0.0,0.0,0.0,0.0,0.0,0.0,0.0
22,23,0.41789052069425897,0.49710725411659984,0.060970182465509566,0.024032042723631505,2.247,2.03,4.56,0.0,0.068,0.0,0.017,0.052,0.0,0.257,0.0,0.0,0.0,0.0,1.117,0.0,0.0,0.0,0.682,0.0,0.0,0.054,0.0,0.0,0.0,0.0,0.0,0.0,0.0
23,24,0.2823179791976226,0.0,0.5274888558692422,0.1901931649331352,1.3459999999999999,1.34,1.8,0.007,0.179,0.236,0.02,0.039,0.079,0.0,0.0,0.0,0.0,0.15,0.0,0.0,0.0,0.0,0.38,0.0,0.0,0.019,0.0,0.0,0.0,0.0,0.237,0.0,0.0
24,25,0.6733207445373617,0.05395198273536552,0.1858645805233342,0.0868626922039385,7.4140000000000015,2.6,19.28,0.0,0.45,0.179,0.333,0.349,0.0,0.098,0.0,0.0,0.0,0.067,0.4,0.03,0.14,0.0,4.894,0.0,0.0,0.474,0.0,0.0,0.0,0.0,0.0,0.0,0.0
25,26,0.46877534468775345,0.251419302514193,0.1897810218978102,0.09002433090024331,1.2330000000000003,2.11,2.6,0.005,0.059,0.01,0.042,0.118,0.0,0.181,0.23,0.0,0.0,0.0,0.08,0.013,0.0,0.0,0.397,0.0,0.0,0.098,0.0,0.0,0.0,0.0,0.0,0.0,0.0
26,27,0.053577371048252914,0.2545757071547421,0.22129783693843597,0.47054908485856906,3.005,0.25,0.75,0.002,0.185,0.213,0.003,0.204,0.0,0.0,0.2,0.0,0.0,0.058,0.287,0.0,0.0,0.0,0.161,0.0,0.0,0.081,0.0,0.278,0.0,0.0,1.289,0.0,0.044
27,28,0.45141065830721006,0.08111285266457681,0.4474921630094044,0.019984326018808778,2.552,2.15,5.49,0.013,0.23,0.348,0.074,0.258,0.072,0.0,0.059,0.0,0.0,0.147,0.114,0.0,0.0,0.021,1.131,0.0,0.0,0.051,0.0,0.034,0.0,0.0,0.0,0.0,0.0
28,29,0.26395812562313065,0.41724825523429715,0.24975074775672984,0.06904287138584247,4.0120000000000005,1.37,5.5,0.08,0.209,0.487,0.017,0.18,0.029,0.0,0.69,0.0,0.0,0.0,0.984,0.04,0.0,0.006,1.053,0.0,0.058,0.135,0.0,0.0,0.0,0.0,0.0,0.044,0.0
29,30,0.517258382642998,0.13708086785009863,0.2613412228796844,0.08431952662721894,2.0280000000000005,2.26,4.58,0.0,0.166,0.19,0.0,0.085,0.089,0.0,0.0,0.0,0.0,0.0,0.276,0.0,0.0,0.316,0.733,0.0,0.011,0.16,0.0,0.002,0.0,0.0,0.0,0.0,0.0
30,31,0.8080808080808082,0.03305785123966942,0.14110805019895928,0.01775329048056321,3.2670000000000003,2.96,9.67,0.035,0.0,0.128,0.016,0.044,0.05,0.306,0.046,0.0,0.031,0.188,0.0,0.0,0.0,0.0,2.303,0.062,0.0,0.058,0.0,0.0,0.0,0.0,0.0,0.0,0.0
31,32,0.5212510024057738,0.035284683239775454,0.06495589414595028,0.3785084202085004,4.988,1.79,8.93,0.01,0.06,0.0,0.087,0.016,0.012,0.084,0.176,0.0,0.0,0.139,0.0,0.0,0.985,0.0,2.516,0.0,0.0,0.232,0.0,0.0,0.0,0.0,0.671,0.0,0.0
32,33,0.48850983179341384,0.1971096896470031,0.29637526652452023,0.018005212035062782,4.221,2.28,9.62,0.061,0.213,0.0,0.97,0.007,0.0,0.096,0.322,0.0,0.0,0.0,0.0,0.0,0.0,0.0,1.966,0.51,0.0,0.076,0.0,0.0,0.0,0.0,0.0,0.0,0.0
33,34,0.4901755305213518,0.33534189153785693,0.13426774954152473,0.04021482839926645,7.6339999999999995,2.25,17.18,0.087,0.3,0.085,0.084,0.208,0.243,0.914,0.675,0.0,0.0,0.018,1.384,0.0,0.153,0.667,2.161,0.097,0.017,0.137,0.0,0.404,0.0,0.0,0.0,0.0,0.0
34,35,0.07056145675265553,0.02503793626707132,0.22761760242792106,0.6767830045523521,2.636,0.28,0.74,0.09,0.222,0.136,0.117,0.035,0.0,0.0,0.0,0.0,0.0,0.0,0.066,0.0,0.0,0.0,0.186,0.0,0.0,0.0,0.0,0.0,0.0,1.34,0.444,0.0,0.0
35,36,0.7280846063454759,0.14030552291421858,0.11868390129259695,0.01292596944770858,4.255,2.86,12.17,0.0,0.092,0.055,0.0,0.133,0.0,0.0,0.0,0.0,0.0,0.225,0.492,0.0,0.0,0.0,3.098,0.105,0.0,0.055,0.0,0.0,0.0,0.0,0.0,0.0,0.0
36,37,0.23798832510103277,0.06915132465199819,0.3358778625954198,0.35698248765154916,2.227,1.04,2.32,0.175,0.231,0.113,0.0,0.204,0.0,0.0,0.0,0.0,0.0,0.025,0.154,0.032,0.0,0.05,0.48,0.0,0.39,0.373,0.0,0.0,0.0,0.0,0.0,0.0,0.0
37,38,0.7497972424979723,0.09367396593673966,0.1565287915652879,0.0,2.466,2.92,7.2,0.065,0.208,0.0,0.027,0.086,0.0,0.0,0.0,0.0,0.0,0.0,0.039,0.0,0.0,0.0,0.187,0.0,0.0,0.0,1.662,0.192,0.0,0.0,0.0,0.0,0.0
38,39,0.7605193556143304,0.050492906948785776,0.1716758836258716,0.017311853811012263,8.318,2.9,24.12,0.2,0.206,0.229,0.192,0.079,0.0,0.0,0.158,0.0,2.157,0.522,0.212,0.0,0.0,0.0,4.169,0.05,0.053,0.091,0.0,0.0,0.0,0.0,0.0,0.0,0.0
39,40,0.5149595981655383,0.07053941908713691,0.30989298973575014,0.10460799301157456,4.579,2.22,10.17,0.327,0.498,0.246,0.029,0.175,0.0,1.43,0.178,0.0,0.0,0.144,0.145,0.0,0.0,0.0,0.928,0.0,0.009,0.17,0.0,0.0,0.0,0.0,0.3,0.0,0.0
40,41,0.7815750371471026,0.021545319465081727,0.01857355126300149,0.1783060921248143,2.6919999999999997,2.54,6.84,0.01,0.016,0.0,0.012,0.012,0.0,1.265,0.0,0.0,0.0,0.0,0.005,0.025,0.0,0.026,0.813,0.035,0.006,0.0,0.0,0.018,0.0,0.449,0.0,0.0,0.0
41,42,0.7151347068145801,0.09667194928684629,0.12163232963549925,0.0665610142630745,5.047999999999999,2.72,13.73,0.073,0.17,0.1,0.01,0.176,0.0,0.16,0.0,0.0,0.0,0.085,0.283,0.0,0.0,0.148,3.302,0.205,0.084,0.208,0.0,0.0,0.044,0.0,0.0,0.0,0.0
42,43,0.6914548404542996,0.06949702541914549,0.08193618171984857,0.1571119524067063,7.396,2.48,18.34,0.071,0.271,0.076,0.038,0.15,0.0,0.0,0.0,0.0,0.0,0.0,0.346,0.0,0.794,0.021,4.109,0.044,0.0,0.169,0.984,0.124,0.199,0.0,0.0,0.0,0.0
43,44,0.3904833836858006,0.18277945619335345,0.3089123867069486,0.11782477341389727,1.324,1.82,2.41,0.012,0.071,0.121,0.009,0.0,0.144,0.0,0.131,0.0,0.0,0.052,0.111,0.014,0.0,0.0,0.517,0.0,0.102,0.04,0.0,0.0,0.0,0.0,0.0,0.0,0.0
44,45,0.46975806451612906,0.1366935483870968,0.3540322580645161,0.03951612903225807,2.4799999999999995,2.18,5.41,0.0,0.148,0.037,0.0,0.088,0.185,0.0,0.234,0.0,0.0,0.42,0.086,0.0,0.0,0.218,0.827,0.0,0.0,0.098,0.12,0.019,0.0,0.0,0.0,0.0,0.0
45,46,0.6075550891920252,0.057187827911857295,0.09811122770199371,0.23714585519412382,1.906,2.19,4.17,0.0,0.02,0.0,0.0,0.008,0.0,0.0,0.0,0.0,0.0,0.159,0.109,0.0,0.306,0.0,0.698,0.0,0.0,0.146,0.46,0.0,0.0,0.0,0.0,0.0,0.0
46,47,0.5807702248643061,0.07753941586973379,0.3416903592659602,0.0,3.869,2.57,9.94,0.179,0.144,0.605,0.359,0.0,0.035,0.0,0.0,0.0,0.0,0.0,0.249,0.0,0.0,0.0,2.247,0.051,0.0,0.0,0.0,0.0,0.0,0.0,0.0,0.0,0.0
47,48,0.5777310924369747,0.15079365079365079,0.26050420168067223,0.010971055088702145,4.284,2.54,10.88,0.099,0.352,0.473,0.053,0.088,0.051,0.0,0.424,0.0,0.0,0.0,0.222,0.035,0.0,0.0,2.475,0.0,0.012,0.0,0.0,0.0,0.0,0.0,0.0,0.0,0.0
48,49,0.89731807951988,0.011440360090022503,0.05101275318829707,0.04022880720180044,10.664000000000001,2.97,31.67,0.253,0.068,0.057,0.0,0.069,0.097,0.0,0.0,0.0,5.628,0.0,0.0,0.0,0.0,0.051,3.89,0.122,0.344,0.085,0.0,0.0,0.0,0.0,0.0,0.0,0.0
49,50,0.5572851805728518,0.0896637608966376,0.33188044831880453,0.021170610211706107,1.606,2.47,3.97,0.161,0.22,0.027,0.0,0.047,0.044,0.0,0.0,0.0,0.0,0.034,0.144,0.028,0.0,0.0,0.562,0.0,0.006,0.0,0.333,0.0,0.0,0.0,0.0,0.0,0.0
50,51,0.6080517032449172,0.14622323953143934,0.16520802477447155,0.08051703244917194,7.4270000000000005,2.49,18.49,0.282,0.432,0.158,0.092,0.173,0.0,0.0,0.49,0.0,0.0,0.09,0.373,0.0,0.12,0.0,4.012,0.045,0.155,0.158,0.504,0.178,0.165,0.0,0.0,0.0,0.0
51,52,0.6263712855469167,0.3160080945787624,0.04899350303546703,0.008627116838853978,9.388999999999994,2.67,25.07,0.01,0.09,0.04,0.033,0.19,0.045,0.0,2.825,0.0,5.43,0.052,0.142,0.0,0.0,0.091,0.36,0.0,0.081,0.0,0.0,0.0,0.0,0.0,0.0,0.0,0.0
52,53,0.420063492063492,0.10596825396825398,0.3949206349206349,0.07904761904761906,15.750000000000002,1.97,31.03,0.178,0.44,0.294,0.02,0.127,4.904,0.0,0.34,0.0,0.0,0.257,0.085,0.0,0.844,0.805,4.95,0.056,0.336,0.065,0.861,1.188,0.0,0.0,0.0,0.0,0.0
53,54,0.8518770171564464,0.0565653134024121,0.07983692882622728,0.011720740614914219,5.8870000000000005,3.02,17.78,0.054,0.115,0.023,0.039,0.023,0.0,0.0,0.333,0.0,2.078,0.216,0.0,0.0,0.0,0.0,2.937,0.0,0.0,0.069,0.0,0.0,0.0,0.0,0.0,0.0,0.0
54,55,0.23323992239706834,0.18883380038801464,0.3082560896744988,0.26967018754041816,4.639,1.09,5.06,0.0,0.289,0.306,0.302,0.213,0.188,0.0,0.0,0.0,0.0,0.132,0.463,0.0,0.0,0.0,1.082,0.0,0.025,0.0,0.0,0.413,0.0,0.0,1.226,0.0,0.0
55,56,0.9041822721598003,0.012484394506866418,0.08333333333333334,0.0,3.2039999999999997,3.09,9.9,0.066,0.053,0.075,0.0,0.013,0.0,0.0,0.0,0.0,0.0,0.06,0.0,0.0,0.0,0.0,2.897,0.0,0.0,0.0,0.0,0.04,0.0,0.0,0.0,0.0,0.0
56,57,0.43657770800627943,0.05447409733124018,0.05400313971742544,0.45494505494505494,6.370000000000002,1.51,9.62,0.081,0.096,0.0,0.0,0.017,0.0,0.0,0.112,0.0,0.0,0.15,0.235,0.0,0.0,0.0,2.781,0.0,0.025,0.0,0.0,0.0,0.0,2.873,0.0,0.0,0.0
57,58,0.46738399462004027,0.0581708137188971,0.4475453934095494,0.02689979825151311,2.974,2.19,6.51,0.213,0.276,0.598,0.122,0.122,0.0,0.0,0.0,0.0,0.0,0.0,0.13,0.0,0.0,0.0,1.39,0.043,0.0,0.08,0.0,0.0,0.0,0.0,0.0,0.0,0.0
58,59,0.7025186567164178,0.08255597014925371,0.1977611940298507,0.01716417910447761,10.719999999999999,2.81,30.12,0.055,0.16,1.7,0.022,0.055,0.0,0.0,0.104,0.0,0.0,0.128,0.117,0.04,0.0,0.0,5.415,0.0,0.097,0.047,2.116,0.664,0.0,0.0,0.0,0.0,0.0
59,60,0.6282213772708068,0.04985213350232361,0.20468948035487958,0.11723700887198985,4.734,2.46,11.65,0.081,0.166,0.469,0.147,0.034,0.0,0.0,0.114,0.0,0.0,0.072,0.122,0.0,0.25,0.0,2.517,0.0,0.254,0.051,0.457,0.0,0.0,0.0,0.0,0.0,0.0
60,61,0.9298371475715618,0.017576583686060694,0.04756438768921731,0.005021881053160198,13.939,3.09,43.07,0.0,0.379,0.0,0.0,0.217,0.0,0.319,0.0,0.0,11.356,0.067,0.19,0.0,0.0,0.0,1.286,0.04,0.0,0.07,0.0,0.015,0.0,0.0,0.0,0.0,0.0
61,62,0.8064826700898589,0.03401797175866496,0.13254172015404364,0.026957637997432612,6.232,2.93,18.26,0.024,0.303,0.112,0.004,0.109,0.085,0.647,0.0,0.0735,0.0,0.042,0.212,0.0,0.0,0.0,4.379,0.0,0.0,0.0,0.0,0.0,0.168,0.0,0.0,0.0,0.0
62,63,0.8076256499133448,0.0,0.11655112651646449,0.07582322357019065,4.6160000000000005,2.81,12.97,0.0,0.187,0.232,0.003,0.116,0.0,0.0,0.0,0.0,0.0,0.0,0.0,0.0,0.0,0.0,2.084,0.0,0.08,0.27,1.644,0.0,0.0,0.0,0.0,0.0,0.0
63,64,0.49042801556420224,0.19081712062256803,0.13727626459143968,0.18147859922178985,6.425000000000001,2.03,13.04,0.0,0.179,0.277,0.0,0.376,0.05,0.445,0.401,0.0,0.0,0.0,0.616,0.0,0.0,0.0,2.706,0.19,0.0,0.053,0.0,0.019,0.0,0.573,0.386,0.154,0.0
64,65,0.6590524534686971,0.13071065989847716,0.19098984771573604,0.01924703891708968,4.728,2.72,12.86,0.075,0.332,0.209,0.005,0.088,0.194,0.163,0.121,0.0,0.0,0.0,0.497,0.0,0.0,0.0,2.953,0.0,0.009,0.082,0.0,0.0,0.0,0.0,0.0,0.0,0.0
65,66,0.9289275362318841,0.001971014492753623,0.026318840579710144,0.042782608695652175,8.625000000000002,2.98,25.7,0.075,0.055,0.0,0.0,0.071,0.0,0.0,0.0,0.005,2.416,0.021,0.017,0.0,0.0,0.083,5.513,0.0,0.201,0.13,0.0,0.0,0.038,0.0,0.0,0.0,0.0
66,67,0.7157076205287713,0.0671850699844479,0.13519958527734574,0.08190772420943493,9.645,2.68,25.85,0.227,0.373,0.175,0.186,0.174,0.164,0.0,0.37,0.005,0.0,0.0,0.0,0.0,0.35,0.0,4.854,0.054,0.0,0.44,2.049,0.224,0.0,0.0,0.0,0.0,0.0
67,68,0.5507358636715725,0.029434546862896975,0.33888458559256385,0.08094500387296669,5.164,2.35,12.14,0.008,0.831,0.24,0.0,0.442,0.026,0.358,0.0,0.01,0.0,0.193,0.0,0.0,0.134,0.0,1.73,0.152,0.023,0.261,0.756,0.0,0.0,0.0,0.0,0.0,0.0
68,69,0.8100404560500184,0.05296064729680031,0.1036226553880103,0.033376241265171025,10.876,2.92,31.76,0.091,0.213,0.038,0.02,0.391,0.021,0.635,0.438,0.0,0.0,0.353,0.0,0.0,0.233,0.0,7.837,0.05,0.005,0.125,0.338,0.088,0.0,0.0,0.0,0.0,0.0
69,70,0.5818141396176079,0.16963094708759452,0.04646509559804358,0.20208981769675416,8.995999999999999,2.21,19.88,0.0,0.191,0.0,0.0,0.087,0.092,0.0,0.409,0.0,0.0,0.048,0.0,0.0,0.372,1.798,3.436,1.117,0.001,0.0,0.0,0.0,0.145,0.0,0.0,1.3,0.0
70,71,0.24409448818897636,0.04724409448818897,0.6666666666666666,0.04199475065616798,0.381,1.3,0.5,0.037,0.042,0.0,0.002,0.035,0.125,0.0,0.0,0.006500000000000001,0.0,0.0,0.018,0.0,0.0,0.0,0.057,0.0,0.016,0.0,0.036,0.0,0.0,0.0,0.0,0.0,0.0
71,72,0.3957397478626286,0.12911172293870454,0.30589769598608896,0.16925083321257792,6.901000000000001,1.77,12.21,0.081,0.499,0.88,0.0,0.101,0.296,0.0,0.0,0.01,0.0,0.244,0.103,0.0,0.0,0.0,1.94,0.048,0.189,0.444,0.791,0.74,0.0,0.535,0.0,0.0,0.0
72,73,0.6044090630740967,0.0,0.20636864666258423,0.18922229026331905,1.633,2.27,3.71,0.091,0.232,0.0,0.014,0.0,0.0,0.0,0.0,0.0,0.0,0.0,0.0,0.0,0.0,0.0,0.987,0.0,0.309,0.0,0.0,0.0,0.0,0.0,0.0,0.0,0.0
73,74,0.7706829539144919,0.03359244863964464,0.16046640755136032,0.03525818989450305,7.204,2.87,20.68,0.012,0.287,0.129,0.0,0.382,0.069,0.0,0.0,0.066,0.0,0.211,0.0,0.0,0.135,0.0,3.833,0.0,0.084,0.035,1.719,0.242,0.0,0.0,0.0,0.0,0.0
74,75,1.0,0.0,0.0,0.0,21.274,3.12,66.37,0.0,0.0,0.0,0.0,0.0,0.0,0.0,0.0,0.0,0.0,0.0,0.0,0.0,0.0,8.836,11.764,0.0,0.0,0.0,0.674,0.0,0.0,0.0,0.0,0.0,0.0
75,76,0.6669293998423601,0.289044026573584,0.039184776489134106,0.0048417970949217425,8.881,2.76,24.51,0.0,0.152,0.09,0.0,0.097,0.0,0.0,0.517,0.009,0.0,0.0,0.0,0.0,0.0,0.0,5.923,0.0,0.004,0.039,0.0,2.05,0.0,0.0,0.0,0.0,0.0
76,77,0.8430061784665249,0.01721867720044566,0.07829433809379116,0.06148080623923833,9.873000000000001,2.88,28.43,0.02,0.255,0.289,0.0,0.165,0.019,0.0,0.125,0.0125,6.484,0.0,0.045,0.0,0.363,0.0,1.839,0.0,0.0,0.064,0.0,0.0,0.0,0.0,0.18,0.0,0.0
77,78,0.465601611974669,0.3605354058721934,0.11816350028785262,0.055699481865284964,6.948000000000001,2.15,14.94,0.0,0.157,0.362,0.0,0.18,0.092,0.488,0.645,0.03,1.427,0.0,0.0,0.0,0.285,0.0,1.32,1.86,0.037,0.065,0.0,0.0,0.0,0.0,0.0,0.0,0.0
78,79,0.9574062301335029,0.0,0.0270184361093452,0.01557533375715194,3.146,3.07,9.66,0.074,0.0,0.0,0.0,0.011,0.0,0.0,0.0,0.0,0.0,0.0,0.0,0.029,0.0,0.0,3.012,0.0,0.02,0.0,0.0,0.0,0.0,0.0,0.0,0.0,0.0
79,80,0.9150980392156863,0.015490196078431374,0.06352941176470589,0.0058823529411764705,5.1,3.08,15.71,0.0,0.189,0.04,0.0,0.095,0.0,0.0,0.0,0.0,3.3,0.0,0.035,0.0,0.0,0.0,1.367,0.044,0.03,0.0,0.0,0.0,0.0,0.0,0.0,0.0,0.0
80,81,0.43355481727574746,0.23421926910299,0.2315614617940199,0.10066445182724253,3.0100000000000002,1.98,5.96,0.042,0.209,0.067,0.003,0.095,0.199,0.16,0.0,0.017,0.0,0.065,0.0,0.0,0.0,0.0,1.145,0.0,0.0,0.03,0.0,0.705,0.0,0.0,0.0,0.0,0.273
81,82,0.4160565189466923,0.1312780989081567,0.20488118175979447,0.24778420038535645,7.785000000000001,1.73,13.47,0.039,0.708,0.285,0.012,0.308,0.0,0.0,0.34,0.035,0.0,0.208,0.259,0.0,0.488,0.0,2.86,0.046,0.171,0.498,0.379,0.377,0.772,0.0,0.0,0.0,0.0
82,83,0.6954697986577182,0.06991051454138703,0.0732662192393736,0.16135346756152125,7.151999999999999,2.48,17.74,0.085,0.149,0.023,0.0,0.129,0.05,0.0,0.356,0.011,0.0,0.077,0.063,0.0,0.0,0.0,3.382,0.081,0.015,0.0,1.592,0.0,0.0,0.523,0.0,0.0,0.616
83,84,0.9082099387549422,0.00364369330955888,0.03790991549732537,0.0502364524381735,12.899,2.95,38.05,0.003,0.13,0.131,0.0,0.013,0.099,0.0,0.0,0.0,1.113,0.113,0.009,0.0,0.612,0.0,10.602,0.038,0.036,0.0,0.0,0.0,0.0,0.0,0.0,0.0,0.0
84,85,0.5272588638963019,0.06252382767823103,0.29711526242216296,0.1131020460033041,7.869000000000001,2.24,17.63,0.24,0.733,0.88,0.0,0.402,0.07,0.0,0.096,0.006500000000000001,0.0,0.0,0.287,0.0,0.174,0.0,4.075,0.109,0.0,0.202,0.074,0.0,0.0,0.0,0.514,0.0,0.0
85,86,0.7960386110066441,0.05214993105177385,0.09715431866616522,0.05465713927541683,7.977000000000001,2.85,22.73,0.094,0.315,0.129,0.0,0.15,0.0,0.0,0.171,0.004,0.0,0.079,0.04,0.0,0.0,0.0,3.07,0.205,0.166,0.24,3.28,0.0,0.008,0.0,0.0,0.022,0.0
86,87,0.7246133154001345,0.044889038332212514,0.1735036987222596,0.05699394754539341,5.9479999999999995,2.75,16.36,0.011,0.319,0.301,0.02,0.239,0.018,0.0,0.0,0.0,0.0,0.124,0.227,0.017,0.0,0.0,4.31,0.0,0.078,0.0,0.0,0.04,0.0,0.0,0.244,0.0,0.0
87,88,0.2807641048422923,0.5004442470013328,0.12594402487783207,0.09284762327854289,4.502000000000001,1.42,6.39,0.062,0.18,0.118,0.007,0.047,0.053,0.0,0.0,0.0,0.0,0.1,0.077,0.0,0.224,0.0,0.597,0.192,0.139,0.055,0.667,1.984,0.0,0.0,0.0,0.0,0.0
88,89,0.7876452189454871,0.061997319034852554,0.0690348525469169,0.08132260947274352,8.952000000000002,2.78,24.89,0.013,0.07,0.11,0.0,0.243,0.011,0.205,0.452,0.0,0.428,0.171,0.054,0.0,0.149,3.935,1.447,0.049,0.007,0.0,1.036,0.0,0.0,0.0,0.572,0.0,0.0
89,90,0.6229368241320432,0.09362549800796813,0.2322140011383039,0.05122367672168469,3.5140000000000002,2.58,9.07,0.025,0.376,0.15,0.003,0.123,0.029,0.0,0.08,0.055,0.0,0.0,0.242,0.0,0.0,0.0,2.189,0.0,0.055,0.092,0.0,0.007,0.033,0.0,0.0,0.0,0.0
90,91,0.5216434336023478,0.10785033015407187,0.36243580337490827,0.008070432868672045,1.363,2.39,3.26,0.03,0.142,0.251,0.044,0.027,0.0,0.208,0.0,0.0,0.313,0.0,0.025,0.0,0.0,0.0,0.19,0.0,0.011,0.0,0.0,0.122,0.0,0.0,0.0,0.0,0.0
91,92,0.6171707549416527,0.016789711836151466,0.02095737080257204,0.3450821624196237,8.398,2.0,16.8,0.0,0.08,0.0,0.0,0.01,0.086,0.379,0.044,0.0,0.0,0.0,0.083,0.0,0.0,0.0,4.804,0.0,0.0,0.118,0.0,0.014,2.78,0.0,0.0,0.0,0.0
92,93,0.28283485045513657,0.07997399219765931,0.5299089726918076,0.10728218465539664,1.5379999999999998,1.42,2.18,0.084,0.162,0.435,0.0,0.006,0.128,0.0,0.017,0.0,0.0,0.0,0.106,0.0,0.0,0.136,0.299,0.0,0.165,0.0,0.0,0.0,0.0,0.0,0.0,0.0,0.0
93,94,0.691712204007286,0.02185792349726776,0.24681238615664844,0.03961748633879781,2.196,2.74,6.02,0.063,0.03,0.032,0.014,0.043,0.03,0.248,0.048,0.004,0.668,0.326,0.0,0.0,0.0,0.0,0.603,0.0,0.0,0.087,0.0,0.0,0.0,0.0,0.0,0.0,0.0
94,95,0.7219941348973606,0.06275659824046922,0.12199413489736073,0.09325513196480939,1.705,2.67,4.55,0.0,0.085,0.057,0.0,0.066,0.0,0.255,0.0,0.0,0.0,0.0,0.037,0.0,0.0,0.0,0.976,0.0,0.0,0.159,0.0,0.07,0.0,0.0,0.0,0.0,0.0
95,96,0.7015761821366023,0.04028021015761821,0.10858143607705778,0.1495621716287215,2.8550000000000004,2.51,7.17,0.0,0.102,0.138,0.0,0.07,0.0,1.312,0.0,0.0,0.0,0.0,0.0,0.014,0.0,0.156,0.535,0.115,0.003,0.41,0.0,0.0,0.0,0.0,0.0,0.0,0.0
96,97,0.860613810741688,0.023657289002557542,0.10805626598465476,0.0076726342710997444,1.5639999999999998,3.04,4.75,0.007,0.037,0.07,0.012,0.0,0.017,0.0,0.0,0.0,0.0,0.026,0.037,0.0,0.0,1.346,0.0,0.0,0.012,0.0,0.0,0.0,0.0,0.0,0.0,0.0,0.0
97,98,0.013212221304706853,0.15772089182493806,0.6209744013212221,0.20809248554913298,1.2109999999999999,0.07,0.08,0.157,0.163,0.211,0.039,0.144,0.0,0.0,0.0,0.0,0.0,0.038,0.142,0.02,0.065,0.016,0.0,0.049,0.029,0.0,0.0,0.0,0.138,0.0,0.0,0.0,0.0
98,99,0.6849557522123894,0.12495575221238939,0.19008849557522123,0.0,2.825,2.81,7.94,0.0,0.12,0.0,0.035,0.165,0.0,1.255,0.0,0.0,0.0,0.217,0.079,0.0,0.0,0.0,0.68,0.0,0.0,0.0,0.0,0.274,0.0,0.0,0.0,0.0,0.0
99,100,0.43001186239620404,0.011862396204033215,0.36298932384341637,0.1951364175563464,1.6859999999999997,1.84,3.1,0.0,0.127,0.031,0.033,0.055,0.0,0.0,0.0,0.0,0.203,0.366,0.02,0.018,0.0,0.178,0.344,0.0,0.0,0.063,0.0,0.0,0.0,0.248,0.0,0.0,0.0
100,101,0.5158699808795411,0.10439770554493308,0.15105162523900575,0.22868068833652005,2.6149999999999998,2.02,5.28,0.051,0.0,0.117,0.05,0.101,0.076,0.0,0.15,0.0,0.72,0.0,0.016,0.0,0.413,0.0,0.629,0.107,0.0,0.145,0.0,0.0,0.04,0.0,0.0,0.0,0.0
101,102,0.5048030739673391,0.2569644572526417,0.18900096061479346,0.04923150816522575,4.164,2.28,9.49,0.046,0.318,0.24,0.006,0.107,0.07,1.076,0.691,0.0,0.0,0.0,0.281,0.0,0.12,0.013,1.013,0.01,0.0,0.085,0.0,0.088,0.0,0.0,0.0,0.0,0.0
102,103,0.16517524235645042,0.46532438478747207,0.18791946308724833,0.18158090976882924,2.682,0.85,2.28,0.025,0.198,0.123,0.046,0.082,0.03,0.221,0.0,0.0,0.0,0.0,0.868,0.0,0.0,0.0,0.222,0.0,0.012,0.045,0.0,0.38,0.048,0.0,0.382,0.0,0.0
103,104,0.6807465618860511,0.06155861165684348,0.0322527832351015,0.2254420432220039,6.1080000000000005,2.32,14.17,0.035,0.02,0.084,0.0,0.058,0.0,0.0,0.0,0.0,0.0,0.0,0.376,0.258,0.0,0.0,4.158,0.0,0.061,0.0,0.0,0.0,0.01,1.048,0.0,0.0,0.0
104,105,0.5583375062593892,0.020030045067601403,0.2669003505257887,0.15473209814722083,1.997,2.24,4.47,0.104,0.166,0.12,0.051,0.092,0.0,0.0,0.0,0.0,0.0,0.0,0.04,0.0,0.0,0.0,1.115,0.0,0.004,0.305,0.0,0.0,0.0,0.0,0.0,0.0,0.0
105,106,0.997096399535424,0.0,0.0029036004645760743,0.0,6.888,3.12,21.49,0.0,0.02,0.0,0.0,0.0,0.0,0.0,0.0,0.0,0.0,0.0,0.0,0.0,0.0,6.868,0.0,0.0,0.0,0.0,0.0,0.0,0.0,0.0,0.0,0.0,0.0
106,107,0.6753517457008859,0.023449713392391873,0.19993051936772627,0.101268021538996,5.7570000000000014,2.58,14.85,0.03,0.181,0.49,0.0,0.078,0.025,0.038,0.0,0.0,0.0,0.347,0.105,0.0,0.0,0.0,3.85,0.03,0.085,0.0,0.0,0.0,0.0,0.498,0.0,0.0,0.0
107,108,0.23090586145648312,0.1758436944937833,0.5932504440497336,0.0,0.563,1.27,0.72,0.052,0.073,0.189,0.0,0.003,0.017,0.13,0.099,0.0,0.0,0.0,0.0,0.0,0.0,0.0,0.0,0.0,0.0,0.0,0.0,0.0,0.0,0.0,0.0,0.0,0.0
108,109,0.5006418485237484,0.06846384253316216,0.40094137783483097,0.029952931108258446,2.3369999999999997,2.29,5.35,0.058,0.307,0.081,0.005,0.142,0.3,0.0,0.0,0.0,0.0,0.044,0.078,0.014,0.0,0.05,1.12,0.082,0.005,0.051,0.0,0.0,0.0,0.0,0.0,0.0,0.0
109,110,0.7393899204244032,0.07924403183023873,0.10676392572944297,0.07460212201591511,3.0160000000000005,2.73,8.23,0.034,0.209,0.0,0.0,0.079,0.0,0.09,0.0,0.0,0.0,0.0,0.17,0.0,0.0,0.0,2.14,0.0,0.045,0.18,0.0,0.069,0.0,0.0,0.0,0.0,0.0
110,111,0.7157048249763481,0.026490066225165566,0.16083254493850518,0.09697256385998108,2.114,2.65,5.6,0.017,0.0,0.173,0.027,0.09,0.0,0.0,0.0,0.033,0.0,0.0,0.056,0.0,0.145,0.0,0.502,0.0,0.06,0.0,1.011,0.0,0.0,0.0,0.0,0.0,0.0
111,112,0.9013893595391391,0.03896984073195527,0.04337512707556761,0.01626567265333785,2.9509999999999996,3.04,8.97,0.003,0.04,0.063,0.0,0.022,0.0,0.0,0.0,0.0,0.0,0.0,0.115,0.0,0.0,0.0,0.598,0.0,0.0,0.048,2.062,0.0,0.0,0.0,0.0,0.0,0.0
112,113,0.15960743801652896,0.0,0.3517561983471075,0.48863636363636365,1.9360000000000004,0.67,1.3,0.032,0.278,0.15,0.008,0.0,0.213,0.281,0.0,0.0,0.0,0.0,0.0,0.0,0.256,0.0,0.028,0.0,0.01,0.048,0.0,0.0,0.0,0.0,0.632,0.0,0.0
113,114,0.39060710194730813,0.010882016036655213,0.145475372279496,0.45303550973654066,1.7460000000000002,1.41,2.46,0.08,0.14,0.0,0.0,0.024,0.01,0.0,0.019,0.0,0.0,0.0,0.0,0.0,0.0,0.0,0.185,0.0,0.112,0.082,0.497,0.0,0.0,0.0,0.597,0.0,0.0
114,115,0.5214105793450883,0.0806045340050378,0.346767422334173,0.051217464315701094,2.382,2.32,5.53,0.014,0.0,0.155,0.0,0.119,0.0,0.523,0.192,0.24,0.0,0.298,0.0,0.0,0.0,0.0,0.719,0.0,0.036,0.086,0.0,0.0,0.0,0.0,0.0,0.0,0.0
115,116,0.7515445184736524,0.06626287098728045,0.04482132041187159,0.13737129012719565,8.254999999999999,2.6,21.46,0.0,0.05,0.1,0.017,0.125,0.026,0.0,0.0,0.0,5.502,0.052,0.526,0.0,0.0,0.0,0.702,0.0,0.003,0.146,0.0,0.021,0.985,0.0,0.0,0.0,0.0
116,117,0.7574671445639187,0.0653126244524094,0.09916367980884111,0.07805655117483075,2.511,2.75,6.91,0.028,0.117,0.052,0.0,0.041,0.011,0.0,0.0,0.0,1.684,0.0,0.164,0.0,0.154,0.0,0.218,0.0,0.0,0.042,0.0,0.0,0.0,0.0,0.0,0.0,0.0
117,118,0.5203725261932479,0.0,0.15832363213038417,0.3213038416763679,1.7180000000000002,1.88,3.23,0.0,0.087,0.026,0.0,0.156,0.003,0.221,0.0,0.0,0.145,0.0,0.0,0.0,0.0,0.0,0.528,0.0,0.016,0.1,0.0,0.0,0.05,0.0,0.0,0.0,0.386
118,119,0.45669957686882934,0.0,0.5094499294781383,0.033850493653032436,3.545,2.15,7.62,0.072,0.082,0.113,0.01,0.068,1.318,0.0,0.0,0.0,0.0,0.143,0.0,0.0,0.0,0.0,0.832,0.0,0.081,0.039,0.787,0.0,0.0,0.0,0.0,0.0,0.0
119,120,0.11199421965317918,0.6076589595375722,0.14378612716763006,0.1365606936416185,1.384,0.61,0.84,0.0,0.075,0.0,0.0,0.124,0.0,0.155,0.194,0.0,0.0,0.0,0.0,0.0,0.0,0.0,0.0,0.0,0.0,0.0,0.0,0.647,0.189,0.0,0.0,0.0,0.0
120,121,0.40804597701149425,0.048850574712643674,0.464080459770115,0.07902298850574713,2.0879999999999996,1.93,4.03,0.041,0.15,0.249,0.019,0.005,0.5,0.0,0.102,0.005,0.0,0.0,0.0,0.0,0.0,0.45,0.402,0.0,0.008,0.0,0.0,0.0,0.0,0.0,0.0,0.0,0.157
121,122,0.5986339895540378,0.07513057452792286,0.3262354359180394,0.0,2.489,2.62,6.52,0.026,0.224,0.154,0.022,0.26,0.0,0.0,0.187,0.0245,0.0,0.077,0.0,0.0,0.0,0.0,1.49,0.0,0.0,0.0,0.0,0.0,0.0,0.0,0.0,0.0,0.0
122,123,0.806344410876133,0.0,0.11601208459214502,0.07764350453172206,3.3099999999999996,2.81,9.3,0.0,0.122,0.146,0.0,0.013,0.0,0.451,0.0,0.025,0.0,0.078,0.0,0.0,0.113,0.0,0.65,0.0,0.099,0.045,1.568,0.0,0.0,0.0,0.0,0.0,0.0
123,124,0.6582537517053206,0.05866302864938608,0.23124147339699866,0.05184174624829468,1.4659999999999997,2.65,3.88,0.071,0.075,0.14,0.013,0.02,0.01,0.0,0.0,0.005,0.0,0.0,0.031,0.073,0.0,0.0,0.965,0.055,0.003,0.0,0.0,0.0,0.0,0.0,0.0,0.0,0.0
124,125,0.7388247112004018,0.06454043194374687,0.16122551481667505,0.0354093420391763,3.9819999999999998,2.82,11.23,0.173,0.095,0.186,0.038,0.076,0.036,0.0,0.0,0.0,0.0,0.038,0.257,0.0,0.0,0.0,2.711,0.0,0.049,0.092,0.231,0.0,0.0,0.0,0.0,0.0,0.0
125,126,0.8392429845551447,0.006525995214270177,0.12660430715684146,0.027626713073743748,4.5969999999999995,2.97,13.65,0.093,0.093,0.084,0.0,0.216,0.01,0.391,0.0,0.053,0.066,0.033,0.03,0.0,0.0,0.0,3.401,0.0,0.127,0.0,0.0,0.0,0.0,0.0,0.0,0.0,0.0
126,127,0.6864667974222471,0.017652003362286353,0.25329223872233114,0.042588960493135326,3.569,2.72,9.71,0.205,0.05,0.436,0.005,0.107,0.0,1.58,0.0,0.064,0.24,0.037,0.063,0.0,0.152,0.0,0.63,0.0,0.0,0.0,0.0,0.0,0.0,0.0,0.0,0.0,0.0
127,128,0.728494623655914,0.11798088410991636,0.10155316606929511,0.05197132616487455,3.348,2.77,9.27,0.015,0.074,0.07,0.005,0.051,0.044,0.0,0.0,0.0,0.0,0.081,0.351,0.0,0.0,0.0,1.193,0.044,0.0,0.174,1.246,0.0,0.0,0.0,0.0,0.0,0.0
128,129,0.8330911732655285,0.10297856883399924,0.04449691245913548,0.01943334544133672,5.506000000000001,2.98,16.41,0.044,0.065,0.118,0.0,0.006,0.012,0.0,0.069,0.0,0.0,0.0,0.159,0.0,0.0,0.0,4.416,0.0,0.005,0.0,0.171,0.339,0.0,0.0,0.0,0.102,0.0
129,130,0.6031128404669261,0.15408560311284047,0.1875486381322957,0.055252918287937755,2.57,2.52,6.48,0.044,0.024,0.102,0.042,0.217,0.018,0.0,0.292,0.0,0.0,0.035,0.104,0.0,0.0,0.0,0.562,0.0,0.005,0.137,0.988,0.0,0.0,0.0,0.0,0.0,0.0
130,131,0.5057155921353452,0.06835848193872884,0.21513488797439415,0.21079103795153173,4.374,2.02,8.84,0.056,0.541,0.145,0.02,0.131,0.026,0.064,0.225,0.011,0.0,0.0,0.074,0.063,0.0,0.0,2.148,0.0,0.022,0.0,0.0,0.0,0.822,0.0,0.0,0.0,0.015
131,132,0.8344865762524218,0.07998892886797676,0.056185995017990584,0.02933849986161085,3.6130000000000004,2.96,10.69,0.0,0.062,0.055,0.0,0.044,0.0,0.14,0.229,0.0,0.0,0.042,0.0,0.0,0.0,0.0,2.875,0.06,0.031,0.075,0.0,0.0,0.0,0.0,0.0,0.0,0.0
132,133,0.3261252200150868,0.02263012320844858,0.10673874779984914,0.5445059089766155,7.954000000000001,1.15,9.15,0.136,0.215,0.15,0.039,0.279,0.0,0.45,0.093,0.03,1.062,0.0,0.027,0.0,0.462,0.0,1.082,0.06,0.0,0.0,0.0,0.0,0.0,0.199,3.67,0.0,0.0
133,134,0.330649219929542,0.2798188223452441,0.3844992450931051,0.0050327126321087065,1.9869999999999999,1.72,3.42,0.017,0.0,0.081,0.119,0.189,0.167,0.0,0.253,0.191,0.0,0.0,0.252,0.0,0.0,0.0,0.657,0.021,0.01,0.0,0.0,0.03,0.0,0.0,0.0,0.0,0.0
134,135,0.0,0.624709347388002,0.02666253294062936,0.3486281196713688,6.451000000000001,0.0,0.0,0.0,0.051,0.062,0.0,0.0,0.0,0.0,0.0,0.0,0.0,0.059,0.075,0.0,0.0,0.0,0.0,0.0,0.0,0.0,0.0,3.955,0.0,2.249,0.0,0.0,0.0
135,136,0.8478154148257241,0.013254786450662739,0.13892979872361316,0.0,2.037,3.05,6.21,0.002,0.057,0.174,0.0,0.0,0.0,0.465,0.0,0.0,0.0,0.05,0.027,0.0,0.0,1.126,0.136,0.0,0.0,0.0,0.0,0.0,0.0,0.0,0.0,0.0,0.0
136,137,0.7218870843000773,0.09064191802010829,0.04052590873936582,0.14694508894044855,6.465000000000001,2.55,16.49,0.012,0.07,0.054,0.0,0.126,0.0,0.0,0.404,0.0,0.0,0.0,0.134,0.0,0.0,0.0,4.667,0.048,0.05,0.143,0.0,0.0,0.254,0.503,0.0,0.0,0.0
137,138,0.46717661833542645,0.2458043155611371,0.14876127411804996,0.13825779198538643,8.759,2.03,17.78,0.023,0.442,0.324,0.0,0.149,0.244,0.0,0.517,0.005,0.0,0.116,1.233,0.0,0.225,2.064,2.028,0.0,0.005,0.0,0.0,0.403,0.0,0.0,0.981,0.0,0.0
138,139,0.7048120660761311,0.20708642566435237,0.08810150825951639,0.0,4.176999999999999,2.85,11.9,0.049,0.166,0.055,0.0,0.048,0.0,0.0,0.153,0.05,0.0,0.0,0.0,0.0,0.0,0.0,1.972,0.0,0.0,0.0,0.972,0.712,0.0,0.0,0.0,0.0,0.0
139,140,0.5514582634931278,0.18739523969158564,0.25879986590680526,0.002346630908481395,2.983,2.49,7.43,0.142,0.097,0.464,0.006,0.05,0.013,0.397,0.0,0.0,0.0,0.0,0.067,0.0,0.0,0.0,1.248,0.0,0.007,0.0,0.0,0.492,0.0,0.0,0.0,0.0,0.0
140,141,0.748303844618864,0.01756019688705601,0.19129972063323133,0.04283623786084875,7.5169999999999995,2.82,21.2,0.276,0.216,0.68,0.011,0.206,0.0,0.0,0.0,0.049,4.926,0.0,0.089,0.025,0.0,0.0,0.699,0.0,0.202,0.095,0.0,0.043,0.0,0.0,0.0,0.0,0.0
141,142,0.667737712721647,0.011781506604784005,0.08413661787456861,0.23634416279900033,8.403,2.28,19.16,0.07,0.24,0.114,0.005,0.1,0.173,0.0,0.0,0.005,0.0,0.0,0.099,0.0,0.758,0.0,5.152,0.0,0.026,0.314,0.459,0.0,0.888,0.0,0.0,0.0,0.0
142,143,0.09952410511069729,0.32526381129733084,0.45851438030208974,0.11669770328988206,4.833,0.55,2.66,0.06,0.566,0.626,0.0,0.725,0.102,0.115,0.0,0.021,0.101,0.116,0.0,0.0,0.139,0.265,0.0,0.0,0.05,0.375,0.0,1.572,0.0,0.0,0.0,0.0,0.0
143,144,0.68430359085963,0.04896626768226332,0.19491294885745372,0.07181719260065288,7.352,2.65,19.48,0.325,0.327,0.36,0.049,0.162,0.061,0.533,0.0,0.149,0.0,0.0,0.187,0.0,0.252,0.0,3.96,0.0,0.016,0.181,0.538,0.173,0.0,0.0,0.0,0.079,0.0
144,145,0.6802654214794791,0.034775129024330304,0.14585893339886952,0.1391005160973212,8.137999999999998,2.5,20.34,0.085,0.137,0.32,0.0,0.364,0.038,0.58,0.0,0.005,0.0,0.238,0.249,0.018,0.0,0.0,4.956,0.0,0.007,0.149,0.0,0.034,0.0,0.0,0.0,0.958,0.0
145,146,0.7088241831518114,0.04067570571238052,0.08424094243165146,0.16625916870415647,4.4990000000000006,2.49,11.2,0.0,0.057,0.043,0.0,0.051,0.033,0.137,0.0,0.005,0.0,0.19,0.172,0.0,0.03,0.0,3.052,0.011,0.0,0.718,0.0,0.0,0.0,0.0,0.0,0.0,0.0
146,147,0.786964856230032,0.09277955271565495,0.10287539936102238,0.017380191693290737,7.824999999999999,2.93,22.93,0.228,0.052,0.069,0.222,0.085,0.057,0.0,0.199,0.0,0.0,0.092,0.527,0.0,0.0,0.249,4.635,0.0,0.019,0.069,1.274,0.0,0.048,0.0,0.0,0.0,0.0
147,148,0.25462164160709877,0.026620655656889324,0.5181168350998274,0.20064086763618436,4.057,1.23,4.99,0.216,0.25,0.232,0.0,1.287,0.077,0.0,0.0,0.04,0.0,0.0,0.108,0.0,0.41,0.0,1.033,0.0,0.04,0.364,0.0,0.0,0.0,0.0,0.0,0.0,0.0
148,149,0.5058885108610311,0.4239727819942424,0.04606124051295472,0.024077466631771786,3.8209999999999993,2.32,8.86,0.063,0.042,0.0,0.0,0.031,0.0,0.211,0.0,0.01,0.0,0.03,0.0,0.03,0.0,0.0,1.722,0.0,0.062,0.0,0.0,1.62,0.0,0.0,0.0,0.0,0.0
149,150,0.7760095484384324,0.03839267953053511,0.165307340362045,0.020290431668987467,5.026999999999999,2.91,14.63,0.037,0.197,0.113,0.005,0.449,0.0,0.67,0.0,0.015000000000000001,1.42,0.0,0.102,0.0,0.0,0.0,1.811,0.0,0.072,0.0,0.0,0.091,0.0,0.0,0.0,0.03,0.0
150,151,0.5199329359165425,0.048248882265275704,0.24310730253353202,0.18871087928464977,5.367999999999999,2.09,11.22,0.038,0.067,0.485,0.024,0.313,0.04,0.0,0.15,0.026,0.0,0.312,0.0,0.0,0.0,0.0,1.568,0.079,0.037,0.173,1.223,0.03,0.0,0.0,0.803,0.0,0.0
151,152,0.9950131727512231,0.0,0.004986827248776816,0.0,10.628,3.12,33.16,0.0,0.027,0.021,0.0,0.0,0.0,0.0,0.0,0.005,0.0,0.0,0.0,0.0,0.0,10.575,0.0,0.0,0.0,0.0,0.0,0.0,0.0,0.0,0.0,0.0,0.0
152,153,0.7659574468085106,0.0,0.1274607277788825,0.10658182541260688,5.028999999999999,2.69,13.53,0.058,0.12,0.368,0.005,0.04,0.0,0.322,0.0,0.0,0.0,0.05,0.0,0.0,0.0,0.0,3.53,0.0,0.173,0.05,0.0,0.0,0.0,0.0,0.313,0.0,0.0
153,154,0.8449222323879232,0.018069533394327538,0.13700823421774933,0.0,4.372,3.04,13.29,0.05,0.211,0.058,0.027,0.145,0.0,0.0,0.059,0.0,0.0,0.108,0.0,0.0,0.0,0.0,3.694,0.02,0.0,0.0,0.0,0.0,0.0,0.0,0.0,0.0,0.0
154,155,0.525172754195459,0.04392892398815399,0.4259624876604146,0.004935834155972359,2.0260000000000002,2.41,4.88,0.0,0.27,0.32,0.0,0.01,0.108,0.0,0.0,0.0,0.0,0.155,0.089,0.0,0.0,0.0,1.064,0.0,0.01,0.0,0.0,0.0,0.0,0.0,0.0,0.0,0.0
155,156,0.367699642431466,0.16686531585220502,0.3027413587604291,0.1626936829558999,1.6779999999999997,1.69,2.84,0.01,0.067,0.16,0.0,0.119,0.039,0.074,0.27,0.013000000000000001,0.0,0.087,0.01,0.0,0.253,0.0,0.543,0.0,0.003,0.0,0.0,0.0,0.017,0.0,0.0,0.0,0.0
156,157,0.21655122129055776,0.0776522056142909,0.2672256653299307,0.4385709077652205,2.7430000000000003,0.91,2.5,0.144,0.348,0.133,0.007,0.068,0.0,0.0,0.071,0.0165,0.0,0.0,0.142,0.0,0.197,0.0,0.594,0.0,0.007,0.999,0.0,0.0,0.0,0.0,0.0,0.0,0.0
157,158,0.7420249653259362,0.10078594544613963,0.07304669440591771,0.08414239482200647,4.326,2.72,11.77,0.0,0.008,0.0,0.0,0.037,0.009,0.0,0.138,0.0,0.0,0.262,0.298,0.0,0.259,0.0,2.935,0.0,0.045,0.06,0.275,0.0,0.0,0.0,0.0,0.0,0.0
158,159,0.3096085409252669,0.03558718861209965,0.5649466192170819,0.08985765124555162,1.124,1.55,1.74,0.067,0.055,0.027,0.0,0.014,0.0,0.348,0.0,0.0,0.0,0.472,0.04,0.019,0.0,0.0,0.0,0.0,0.0,0.082,0.0,0.0,0.0,0.0,0.0,0.0,0.0
159,160,0.5067817509247842,0.19112207151664612,0.27373612823674476,0.02836004932182491,0.811,2.32,1.88,0.102,0.08,0.0,0.009,0.031,0.0,0.107,0.0,0.0,0.0,0.0,0.12,0.023,0.0,0.0,0.304,0.035,0.0,0.0,0.0,0.0,0.0,0.0,0.0,0.0,0.0
160,161,0.7440774107440774,0.051718385051718385,0.19102435769102435,0.013179846513179848,5.993999999999999,2.88,17.26,0.154,0.071,0.149,0.019,0.25,0.452,0.218,0.0,0.006500000000000001,0.0,0.037,0.148,0.0,0.0,0.0,4.242,0.0,0.003,0.076,0.0,0.162,0.0,0.0,0.0,0.0,0.0
161,162,0.7732776617954071,0.07139874739039666,0.15532359081419625,0.0,2.395,2.96,7.09,0.029,0.045,0.255,0.002,0.023,0.0,0.02,0.0,0.018,0.0,0.0,0.085,0.0,0.0,0.0,1.832,0.086,0.0,0.0,0.0,0.0,0.0,0.0,0.0,0.0,0.0
162,163,0.24091381100726894,0.09605399792315679,0.15472481827622012,0.508307372793354,1.9260000000000002,0.94,1.81,0.025,0.032,0.136,0.0,0.05,0.0,0.0,0.0,0.0,0.0,0.055,0.185,0.01,0.0,0.0,0.464,0.0,0.002,0.033,0.0,0.0,0.0,0.446,0.488,0.0,0.0
163,164,0.28363636363636363,0.12242424242424242,0.5890909090909091,0.0048484848484848485,0.8250000000000001,1.51,1.25,0.024,0.059,0.07,0.005,0.249,0.051,0.0,0.0,0.005,0.0,0.023,0.101,0.0,0.0,0.0,0.234,0.0,0.004,0.0,0.0,0.0,0.0,0.0,0.0,0.0,0.0
164,165,0.2915821501014199,0.24797160243407707,0.2581135902636917,0.20233265720081137,1.9720000000000002,1.37,2.7,0.061,0.055,0.286,0.02,0.087,0.0,0.034,0.256,0.0,0.0,0.0,0.233,0.0,0.275,0.0,0.541,0.0,0.0,0.124,0.0,0.0,0.0,0.0,0.0,0.0,0.0
165,166,0.6314801782782079,0.11353506920009385,0.18273516303072956,0.0722495894909688,4.262999999999999,2.55,10.87,0.024,0.06,0.224,0.005,0.23,0.096,0.205,0.297,0.005,0.0,0.135,0.088,0.0,0.0,0.0,2.487,0.08,0.02,0.047,0.0,0.019,0.0,0.241,0.0,0.0,0.0
166,167,0.7167349981364144,0.06876630637346254,0.12504658963846443,0.08945210585165858,5.3660000000000005,2.67,14.33,0.118,0.11,0.266,0.066,0.047,0.0,0.0,0.0,0.0,0.0,0.064,0.319,0.101,0.251,0.0,3.846,0.05,0.041,0.087,0.0,0.0,0.0,0.0,0.0,0.0,0.0
167,168,0.7259370314842578,0.029685157421289354,0.22398800599700147,0.020389805097451273,3.335,2.84,9.47,0.0,0.077,0.462,0.014,0.136,0.047,0.0,0.03,0.011,0.0,0.0,0.019,0.0,0.0,0.0,1.494,0.05,0.008,0.06,0.927,0.0,0.0,0.0,0.0,0.0,0.0
168,169,0.18080000000000002,0.4789333333333333,0.19093333333333332,0.14933333333333335,1.875,0.94,1.76,0.0,0.049,0.0,0.0,0.029,0.229,0.339,0.0,0.0,0.0,0.051,0.898,0.0,0.0,0.0,0.0,0.0,0.0,0.0,0.0,0.0,0.0,0.0,0.0,0.0,0.28
169,170,0.7418283963227783,0.01710929519918284,0.06818181818181818,0.17288049029622063,3.9160000000000004,2.51,9.83,0.024,0.1,0.038,0.0,0.06,0.045,0.233,0.0,0.0,0.0,0.0,0.067,0.0,0.0,0.0,2.672,0.0,0.027,0.65,0.0,0.0,0.0,0.0,0.0,0.0,0.0
170,171,0.5266490765171504,0.3593667546174143,0.08073878627968338,0.03324538258575198,1.8949999999999998,2.37,4.49,0.006,0.051,0.024,0.0,0.0,0.045,0.0,0.347,0.027,0.0,0.0,0.112,0.008,0.0,0.0,0.998,0.012,0.055,0.0,0.0,0.21,0.0,0.0,0.0,0.0,0.0
171,172,0.235216240070609,0.3570167696381289,0.22021182700794353,0.18755516328331864,4.532,1.16,5.26,0.051,0.147,0.048,0.0,0.06,0.577,0.0,0.0,0.01,0.424,0.105,0.054,0.0,0.164,0.0,0.642,0.173,0.0,0.0,0.0,1.391,0.686,0.0,0.0,0.0,0.0
172,173,0.25125628140703515,0.5482970407593523,0.12451144611948631,0.07593523171412618,1.791,1.31,2.35,0.0,0.046,0.024,0.0,0.013,0.135,0.36,0.0,0.005,0.0,0.0,0.109,0.0,0.0,0.0,0.09,0.0,0.0,0.136,0.0,0.873,0.0,0.0,0.0,0.0,0.0
173,174,0.43524332810047095,0.07967032967032966,0.15149136577708006,0.33359497645211933,2.5479999999999996,1.67,4.26,0.071,0.048,0.04,0.0,0.208,0.019,0.107,0.076,0.0,0.0,0.0,0.105,0.0,0.421,0.0,1.002,0.022,0.042,0.36,0.0,0.0,0.0,0.0,0.0,0.027,0.0
174,175,0.9585639087596166,0.0,0.0176811985423134,0.02375489269806991,7.409000000000001,3.04,22.52,0.0,0.055,0.036,0.0,0.0,0.04,0.0,0.0,0.0,7.102,0.0,0.0,0.0,0.0,0.0,0.0,0.0,0.0,0.0,0.0,0.0,0.176,0.0,0.0,0.0,0.0
175,176,0.8519827247742443,0.02905378877110326,0.09972516686297607,0.019238319591676486,2.547,3.0,7.64,0.0,0.101,0.0,0.0,0.113,0.03,0.0,0.0,0.01,0.0,0.0,0.047,0.0,0.0,0.026,2.144,0.0,0.049,0.0,0.0,0.027,0.0,0.0,0.0,0.0,0.0
176,177,0.8542610571736785,0.019093851132686083,0.08511326860841424,0.041531823085221145,9.269999999999996,2.94,27.25,0.07,0.154,0.498,0.027,0.04,0.0,0.0,0.0,0.0,0.0,0.0,0.0,0.0,0.0,0.0,5.991,0.177,0.024,0.129,1.928,0.0,0.0,0.0,0.232,0.0,0.0
177,178,0.5169242809626297,0.00782625709254549,0.20191743298767367,0.2733320289571512,5.111,1.95,9.97,0.106,0.129,0.41,0.008,0.154,0.225,0.0,0.0,0.0,0.0,0.0,0.04,0.0,0.0,0.0,2.642,0.0,0.142,0.0,0.0,0.0,0.0,1.255,0.0,0.0,0.0
178,179,0.8642939814814814,0.05034722222222221,0.08101851851851852,0.004340277777777777,3.456,3.05,10.54,0.075,0.045,0.0,0.012,0.05,0.098,0.192,0.174,0.0,1.075,0.0,0.0,0.0,0.0,0.0,1.72,0.0,0.015,0.0,0.0,0.0,0.0,0.0,0.0,0.0,0.0
179,180,0.8286281742091076,0.01560505036175344,0.15576677542913892,0.0,7.0489999999999995,3.03,21.36,0.321,0.109,0.099,0.039,0.072,0.12,0.0,0.073,0.0,0.0,0.338,0.0,0.0,0.0,0.0,4.281,0.0,0.0,0.0,1.56,0.037,0.0,0.0,0.0,0.0,0.0
180,211,0.013490725126475549,0.09443507588532885,0.8541315345699831,0.03794266441821248,1.186,0.08,0.09,0.125,0.09,0.164,0.039,0.502,0.083,0.0,0.0,0.01,0.0,0.0,0.077,0.0,0.0,0.0,0.016,0.0,0.045,0.0,0.0,0.035,0.0,0.0,0.0,0.0,0.0
181,212,0.21389891696750898,0.11371841155234656,0.28610108303249093,0.3862815884476534,1.1079999999999999,0.93,1.03,0.0,0.0,0.111,0.0,0.034,0.04,0.0,0.0,0.009,0.0,0.123,0.126,0.0,0.0,0.0,0.237,0.0,0.015,0.088,0.0,0.0,0.325,0.0,0.0,0.0,0.0
182,213,0.6583518930957684,0.23518930957683742,0.09443207126948774,0.012026726057906459,2.2449999999999997,2.73,6.13,0.056,0.0,0.0,0.0,0.078,0.057,0.0,0.0,0.021,0.0,0.0,0.28,0.0,0.0,0.0,1.478,0.0,0.027,0.0,0.0,0.248,0.0,0.0,0.0,0.0,0.0
183,214,0.23293768545994065,0.12833827893175073,0.5244807121661721,0.11424332344213649,1.348,1.2,1.62,0.044,0.202,0.086,0.0,0.269,0.059,0.117,0.0,0.008,0.0,0.039,0.173,0.0,0.0,0.0,0.197,0.0,0.074,0.08,0.0,0.0,0.0,0.0,0.0,0.0,0.0
184,215,0.8560015588464537,0.042868277474668745,0.060210444271239276,0.040919719407638354,5.132,2.94,15.09,0.0,0.063,0.0,0.0,0.073,0.141,0.0,0.098,0.0,0.0,0.032,0.0,0.0,0.0,4.393,0.0,0.0,0.016,0.194,0.0,0.122,0.0,0.0,0.0,0.0,0.0
185,216,0.34452438049560347,0.1618705035971223,0.32454036770583533,0.16906474820143885,2.502,1.6,4.0,0.0,0.008,0.286,0.0,0.242,0.207,0.0,0.241,0.008,0.643,0.061,0.164,0.0,0.244,0.0,0.219,0.0,0.013,0.0,0.0,0.0,0.166,0.0,0.0,0.0,0.0
186,217,0.0,0.044876886417791896,0.1499205718824464,0.8052025416997617,5.035999999999999,0.0,0.0,0.0,0.047,0.282,0.0,0.056,0.137,0.0,0.0,0.005,0.0,0.228,0.144,0.0,0.335,0.0,0.0,0.0,0.009,0.528,0.0,0.082,0.51,2.336,0.0,0.207,0.13
187,218,0.0,0.42652329749103934,0.5663082437275985,0.007168458781362006,0.279,0.0,0.0,0.022,0.047,0.084,0.0,0.0,0.0,0.0,0.108,0.005,0.0,0.0,0.0,0.0,0.0,0.0,0.0,0.011,0.002,0.0,0.0,0.0,0.0,0.0,0.0,0.0,0.0
188,219,0.0,0.43975903614457834,0.5602409638554218,0.0,0.16599999999999998,0.0,0.0,0.0,0.032,0.0,0.0,0.061,0.0,0.0,0.0,0.0,0.0,0.0,0.073,0.0,0.0,0.0,0.0,0.0,0.0,0.0,0.0,0.0,0.0,0.0,0.0,0.0,0.0
189,220,0.0,0.7905405405405406,0.20945945945945946,0.0,0.296,0.0,0.0,0.008,0.0,0.028,0.0,0.026,0.0,0.0,0.182,0.0,0.0,0.0,0.0,0.0,0.0,0.0,0.0,0.052,0.0,0.0,0.0,0.0,0.0,0.0,0.0,0.0,0.0
190,221,0.0,0.1822784810126582,0.34177215189873417,0.4759493670886076,0.395,0.0,0.0,0.0,0.0,0.088,0.0,0.035,0.012,0.0,0.0,0.0,0.0,0.0,0.072,0.0,0.0,0.0,0.0,0.0,0.011,0.177,0.0,0.0,0.0,0.0,0.0,0.0,0.0
191,222,0.0,0.0,1.0,0.0,0.072,0.0,0.0,0.0,0.0,0.0,0.0,0.072,0.0,0.0,0.0,0.0,0.0,0.0,0.0,0.0,0.0,0.0,0.0,0.0,0.0,0.0,0.0,0.0,0.0,0.0,0.0,0.0,0.0
192,223,0.23008849557522126,0.06194690265486726,0.21715452688904016,0.49081007488087136,1.4689999999999999,0.92,1.35,0.0,0.045,0.0,0.006,0.15,0.118,0.0,0.091,0.0,0.0,0.0,0.0,0.0,0.389,0.338,0.0,0.0,0.0,0.096,0.0,0.0,0.0,0.0,0.236,0.0,0.0
193,224,0.5345545378850958,0.0,0.13738551207327226,0.32805995004163196,1.201,1.9,2.28,0.0,0.0,0.13,0.0,0.004,0.031,0.0,0.0,0.0,0.0,0.0,0.0,0.0,0.236,0.642,0.0,0.0,0.0,0.158,0.0,0.0,0.0,0.0,0.0,0.0,0.0
194,225,0.9373219373219375,0.0,0.016144349477682816,0.046533713200379884,1.053,2.97,3.13,0.0,0.0,0.017,0.0,0.0,0.0,0.0,0.0,0.0,0.574,0.0,0.0,0.0,0.0,0.0,0.413,0.0,0.007,0.042,0.0,0.0,0.0,0.0,0.0,0.0,0.0
195,226,0.0,0.018638573743922204,0.45137763371150724,0.5299837925445705,1.234,0.0,0.0,0.0,0.0,0.36,0.0,0.0,0.123,0.0,0.023,0.0,0.0,0.074,0.0,0.0,0.0,0.0,0.0,0.0,0.044,0.0,0.0,0.0,0.0,0.446,0.164,0.0,0.0
196,227,0.0,0.8076923076923077,0.19230769230769232,0.0,0.13,0.0,0.0,0.0,0.0,0.0,0.0,0.017,0.008,0.0,0.0,0.0,0.0,0.0,0.021,0.0,0.0,0.0,0.0,0.084,0.0,0.0,0.0,0.0,0.0,0.0,0.0,0.0,0.0
197,228,0.0,0.5236907730673317,0.256857855361596,0.21945137157107233,0.401,0.0,0.0,0.0,0.0,0.016,0.0,0.076,0.003,0.0,0.0,0.008,0.0,0.0,0.21,0.0,0.0,0.0,0.0,0.0,0.002,0.086,0.0,0.0,0.0,0.0,0.0,0.0,0.0
198,229,0.7519344560764678,0.007282658170232135,0.08010923987255349,0.16067364588074645,2.1969999999999996,2.55,5.6,0.0,0.0,0.163,0.0,0.0,0.013,0.0,0.0,0.0,0.0,0.0,0.007,0.0,0.0,1.652,0.0,0.009,0.016,0.115,0.0,0.0,0.222,0.0,0.0,0.0,0.0
199,230,0.0,0.15995762711864406,0.826271186440678,0.013771186440677964,0.9440000000000001,0.0,0.0,0.0,0.058,0.321,0.0,0.021,0.0,0.0,0.109,0.0,0.0,0.38,0.0,0.0,0.0,0.0,0.0,0.042,0.013,0.0,0.0,0.0,0.0,0.0,0.0,0.0,0.0
200,231,0.5635964912280702,0.0,0.27850877192982454,0.15789473684210528,0.9119999999999999,2.25,2.05,0.004,0.06,0.112,0.0,0.078,0.0,0.0,0.0,0.0,0.0,0.0,0.0,0.0,0.132,0.302,0.212,0.0,0.0,0.0,0.0,0.0,0.012,0.0,0.0,0.0,0.0
201,232,0.0,0.1628883291351805,0.6158690176322418,0.22124265323257766,2.382,0.0,0.0,0.008,0.0,0.386,0.0,0.61,0.24,0.0,0.0,0.0,0.0,0.223,0.284,0.0,0.0,0.0,0.0,0.0,0.0,0.0,0.0,0.104,0.527,0.0,0.0,0.0,0.0
202,233,0.0,0.0,0.5833333333333334,0.4166666666666667,0.096,0.0,0.0,0.0,0.0,0.0,0.0,0.017,0.039,0.0,0.0,0.0,0.0,0.0,0.0,0.014,0.0,0.0,0.0,0.0,0.026,0.0,0.0,0.0,0.0,0.0,0.0,0.0,0.0
203,234,0.0,0.0625,0.8541666666666667,0.08333333333333334,0.14400000000000002,0.0,0.0,0.0,0.0,0.105,0.0,0.018,0.0,0.0,0.009,0.0,0.0,0.0,0.0,0.0,0.0,0.0,0.0,0.0,0.012,0.0,0.0,0.0,0.0,0.0,0.0,0.0,0.0
204,235,0.0,0.5964912280701754,0.33333333333333337,0.07017543859649124,0.17099999999999999,0.0,0.0,0.0,0.0,0.0,0.008,0.049,0.0,0.0,0.102,0.0,0.0,0.0,0.0,0.0,0.0,0.0,0.0,0.0,0.0,0.0,0.0,0.0,0.012,0.0,0.0,0.0,0.0
205,236,0.0,0.11374876360039564,0.3068743818001978,0.5793768545994066,4.044,0.0,0.0,0.002,0.066,0.524,0.0,0.558,0.091,0.0,0.0,0.0,0.0,0.0,0.0,0.174,0.0,0.0,0.0,0.0,0.044,0.0,0.0,0.46,0.244,0.513,1.368,0.0,0.0
206,237,0.0,0.42599277978339345,0.2563176895306859,0.31768953068592054,0.277,0.0,0.0,0.0,0.0,0.033,0.004,0.034,0.0,0.0,0.118,0.0,0.0,0.0,0.0,0.0,0.0,0.0,0.0,0.0,0.027,0.0,0.0,0.0,0.061,0.0,0.0,0.0,0.0
207,238,0.9888781431334622,0.0,0.011121856866537718,0.0,2.068,3.12,6.45,0.0,0.0,0.0,0.0,0.023,0.0,0.0,0.0,0.0,0.0,0.0,0.0,0.0,0.0,2.045,0.0,0.0,0.0,0.0,0.0,0.0,0.0,0.0,0.0,0.0,0.0
208,239,0.920399824894207,0.0,0.0,0.07960017510579308,13.706,2.87,39.34,0.0,0.0,0.0,0.0,0.0,0.0,0.0,0.0,0.0,12.615,0.0,0.0,0.0,1.01,0.0,0.0,0.0,0.0,0.081,0.0,0.0,0.0,0.0,0.0,0.0,0.0
209,518,0.08893058161350843,0.22664165103189493,0.19324577861163228,0.4911819887429643,2.665,0.39,1.04,0.009,0.015,0.151,0.0,0.109,0.171,0.0,0.604,0.017,0.0,0.043,0.0,0.0,1.128,0.0,0.237,0.0,0.022,0.083,0.0,0.0,0.076,0.0,0.0,0.0,0.0
210,1001,0.91324200913242,0.0,0.0867579908675799,0.0,4.599,3.1,14.26,0.023,0.057,0.19,0.0,0.058,0.005,0.0,0.0,0.008,0.0,0.058,0.0,0.0,0.0,4.2,0.0,0.0,0.0,0.0,0.0,0.0,0.0,0.0,0.0,0.0,0.0
211,1002,0.1678667383127351,0.09339065018807094,0.6117141321869963,0.12702847931219774,9.305,0.89,8.28,0.413,0.96,2.671,0.101,0.32,0.19,0.0,0.45,0.509,0.0,0.019,0.386,0.076,0.123,0.64,0.922,0.0,0.033,0.209,0.0,0.033,0.217,0.255,0.269,0.0,0.0
212,1003,0.972173144876325,0.0,0.027826855123674908,0.0,4.5280000000000005,3.12,14.13,0.0,0.048,0.0,0.0,0.0,0.078,0.0,0.0,0.0,0.0,0.0,0.0,0.0,0.0,4.402,0.0,0.0,0.0,0.0,0.0,0.0,0.0,0.0,0.0,0.0,0.0
213,1004,0.039799435913506744,0.09996866186148541,0.2018176120338452,0.6584142901911627,3.191,0.16,0.51,0.0,0.09,0.548,0.0,0.0,0.0,0.0,0.0,0.006,0.0,0.0,0.035,0.0,1.014,0.127,0.0,0.0,0.006,0.0,0.0,0.284,0.0,0.627,0.0,0.454,0.0
214,1005,0.5037443834248626,0.06939590614078882,0.21467798302546182,0.21218172740888666,2.0029999999999997,2.02,4.05,0.037,0.03,0.171,0.018,0.069,0.013,0.0,0.0,0.092,0.0,0.0,0.106,0.015,0.146,0.349,0.66,0.0,0.009,0.0,0.0,0.033,0.0,0.0,0.255,0.0,0.0
215,1006,0.4198396793587174,0.0906813627254509,0.2249498997995992,0.26452905811623245,1.9960000000000002,1.72,3.43,0.035,0.216,0.032,0.025,0.036,0.086,0.0,0.0,0.019,0.033,0.0,0.181,0.0,0.0,0.805,0.0,0.0,0.0,0.393,0.0,0.0,0.0,0.0,0.135,0.0,0.0
216,1007,0.8827586206896552,0.09151193633952254,0.025729442970822282,0.0,3.77,3.08,11.61,0.0,0.062,0.0,0.0,0.032,0.003,0.0,0.0,0.0,0.0,0.0,0.0,0.0,0.0,3.328,0.0,0.0,0.0,0.0,0.0,0.345,0.0,0.0,0.0,0.0,0.0
217,1008,0.7261563651248465,0.012279983626688497,0.09578387228817027,0.16577977896029472,2.443,2.51,6.13,0.048,0.068,0.065,0.006,0.042,0.0,0.0,0.0,0.005,0.0,0.0,0.03,0.014,0.0,0.0,1.774,0.0,0.018,0.209,0.0,0.0,0.0,0.0,0.164,0.0,0.0
218,1009,0.0,0.014669926650366748,0.9731051344743277,0.012224938875305624,1.227,0.0,0.0,0.146,0.197,0.568,0.0,0.02,0.0,0.0,0.0,0.263,0.0,0.0,0.018,0.015,0.0,0.0,0.0,0.0,0.0,0.0,0.0,0.0,0.0,0.0,0.0,0.0,0.0
219,1010,0.6397992323590198,0.0028048420431059937,0.3320047239444937,0.025391201653380577,6.773999999999999,2.66,18.02,0.133,0.068,1.68,0.016,0.111,0.0,0.237,0.0,0.08549999999999999,1.668,0.07,0.0,0.0,0.136,0.09,2.339,0.019,0.0,0.036,0.0,0.0,0.0,0.0,0.0,0.0,0.0
220,1011,0.2116982386174809,0.00897308075772682,0.7291458956463942,0.05018278497839814,3.0090000000000003,1.15,3.46,0.13,0.279,1.141,0.012,0.242,0.04,0.0,0.0,0.35,0.538,0.0,0.0,0.021,0.13,0.099,0.0,0.0,0.0,0.0,0.0,0.027,0.0,0.0,0.0,0.0,0.0
221,1012,0.43462757527733753,0.012282091917591125,0.5479397781299524,0.005150554675118858,2.5239999999999996,2.11,5.33,0.118,0.266,0.579,0.0,0.008,0.013,1.097,0.031,0.372,0.0,0.027,0.0,0.0,0.0,0.0,0.0,0.0,0.013,0.0,0.0,0.0,0.0,0.0,0.0,0.0,0.0
