,ID,Organics_wt_%,Paper_and_cardboard_wt_%,Plastics_wt_%,Non_combust_wt_%,Total_weight_(kg),energy_kWh_per_kg,total_energy_kWh,cardboard,paper,eps,plastic_bags,flexibles_film,other_plastic,jars,food,textiles,other_organics,aluminium_cans,steel_cans,lpb,pp,pet_bottles,nappies,aluminium_recyclable,batteries,other
0,1,0.18310428455941793,0.02182700080840744,0.030315278900565894,0.18310428455941793,4.9479999999999995,0.6,2.97,0.108,0.0,0.0,0.0,0.084,0.014,0.0,0.0,0.0,3.784,0.36,0.344,0.0,0.0,0.052,0.0,0.0,0.202,0.0
1,2,0.7781777900858488,0.0,0.05123234561063417,0.17058986430351702,7.222,2.55,18.42,0.0,0.0,0.0,0.052,0.196,0.026,0.0,0.0,0.0,5.62,0.716,0.516,0.0,0.0,0.096,0.0,0.0,0.0,0.0
2,3,0.9295212765957448,0.020611702127659576,0.012300531914893621,0.03756648936170213,12.032,2.99,35.98,0.248,0.0,0.0,0.0,0.14,0.006,0.0,11.184,0.0,0.0,0.344,0.108,0.0,0.0,0.002,0.0,0.0,0.0,0.0
3,4,0.9557522123893805,0.0,0.04424778761061947,0.0,0.452,3.11,1.41,0.0,0.0,0.0,0.008,0.0,0.012,0.0,0.0,0.0,0.432,0.0,0.0,0.0,0.0,0.0,0.0,0.0,0.0,0.0
4,5,0.9800884955752213,0.0,0.019911504424778764,0.0,10.847999999999999,3.12,33.85,0.0,0.0,0.004,0.088,0.0,0.0,0.0,0.0,0.0,10.632,0.0,0.0,0.0,0.0,0.124,0.0,0.0,0.0,0.0
5,6,0.993932499051953,0.0,0.004550625711035267,0.0015168752370117557,10.548,3.11,32.8,0.0,0.0,0.0,0.0,0.004,0.0,0.0,10.484,0.0,0.0,0.016,0.0,0.0,0.0,0.044,0.0,0.0,0.0,0.0
6,7,0.25103933482571156,0.14550687559961625,0.4547489606651743,0.14870482890949793,2.5016,1.25,3.13,0.0,0.104,0.036,0.07,0.4056,0.43,0.0,0.0,0.26,0.628,0.372,0.0,0.0,0.0,0.196,0.0,0.0,0.0,0.0
7,8,0.9548916227299356,0.0,0.04510837727006444,0.0,3.4139999999999997,3.11,10.62,0.0,0.0,0.0,0.024,0.092,0.038,0.0,3.26,0.0,0.0,0.0,0.0,0.0,0.0,0.0,0.0,0.0,0.0,0.0
8,9,0.4642201834862385,0.0,0.3853211009174312,0.15045871559633028,2.18,2.01,4.38,0.0,0.0,0.0,0.46,0.38,0.0,0.0,0.744,0.0,0.268,0.328,0.0,0.0,0.0,0.0,0.0,0.0,0.0,0.0
9,10,0.8100504929069489,0.11084395287328686,0.0240442414041837,0.05506131281558067,16.636000000000003,2.87,47.75,1.844,0.0,0.0,0.116,0.064,0.02,0.0,13.476,0.0,0.0,0.596,0.108,0.0,0.0,0.2,0.0,0.0,0.212,0.0
10,11,0.6757493188010899,0.0,0.05722070844686648,0.2670299727520436,2.936,2.23,6.55,0.0,0.0,0.0,0.04,0.052,0.0,0.0,0.0,0.0,1.984,0.684,0.1,0.0,0.0,0.076,0.0,0.0,0.0,0.0
11,12,0.6285390713476784,0.0033975084937712344,0.0838052095130238,0.2842582106455266,3.5320000000000005,2.13,7.52,0.012,0.0,0.0,0.116,0.05,0.028,0.0,0.0,0.0,2.22,1.004,0.0,0.0,0.0,0.102,0.0,0.0,0.0,0.0
12,13,0.927077106993425,0.004184100418410042,0.03765690376569038,0.031081888822474604,6.692,3.01,20.14,0.028,0.0,0.0,0.0,0.04,0.004,0.0,0.0,0.0,6.204,0.124,0.084,0.0,0.0,0.208,0.0,0.0,0.0,0.0
13,14,0.0,0.0,0.06454545454545454,0.9354545454545455,4.3999999999999995,0.0,0.0,0.0,0.0,0.0,0.284,0.0,0.0,0.0,0.0,0.0,0.0,2.652,1.464,0.0,0.0,0.0,0.0,0.0,0.0,0.0
14,15,0.8797691567810195,0.021801859570375122,0.06861173453029816,0.029817249118307146,6.238,2.99,18.65,0.136,0.0,0.0,0.104,0.0,0.324,0.0,0.0,0.0,5.488,0.066,0.12,0.0,0.0,0.0,0.0,0.0,0.0,0.0
15,16,0.8526240115025161,0.11023244668104482,0.028277018931224536,0.008866522885214473,16.692,3.03,50.58,1.84,0.0,0.056,0.248,0.032,0.0,0.0,14.232,0.0,0.0,0.148,0.0,0.0,0.0,0.136,0.0,0.0,0.0,0.0
16,17,0.9394043135912359,0.0,0.0326942827798699,0.027901403628894213,11.684000000000001,3.03,35.4,0.0,0.0,0.0,0.056,0.276,0.05,0.0,10.976,0.0,0.0,0.108,0.218,0.0,0.0,0.0,0.0,0.0,0.0,0.0
17,18,0.9953881629515757,0.0,0.0046118370484242895,0.0,10.408,3.12,32.47,0.0,0.0,0.0,0.0,0.048,0.0,0.0,0.0,0.0,10.36,0.0,0.0,0.0,0.0,0.0,0.0,0.0,0.0,0.0
18,19,0.9754394413676859,0.008186852877437997,0.00650132434384782,0.009872381411028171,16.612000000000002,3.09,51.33,0.032,0.0,0.0,0.108,0.0,0.0,0.0,16.204,0.0,0.0,0.164,0.0,0.104,0.0,0.0,0.0,0.0,0.0,0.0
19,20,0.6782077393075356,0.0,0.17922606924643586,0.1425661914460285,0.9820000000000001,2.49,2.45,0.0,0.0,0.0,0.062,0.014,0.024,0.0,0.0,0.0,0.666,0.0,0.0,0.0,0.0,0.076,0.0,0.0,0.0,0.14
20,22,0.8078470824949698,0.014252179745137492,0.12072434607645875,0.057176391683433934,11.927999999999999,2.86,34.11,0.05,0.0,0.0,0.252,0.368,0.036,0.0,7.436,0.12,2.2,0.318,0.364,0.0,0.0,0.784,0.0,0.0,0.0,0.0
21,23,0.2280597014925373,0.28835820895522385,0.1271641791044776,0.35641791044776117,6.699999999999999,1.01,6.77,1.932,0.0,0.0,0.372,0.28,0.02,0.0,0.0,0.0,1.528,1.852,0.388,0.0,0.0,0.18,0.0,0.0,0.0,0.148
22,24,0.5420506240522571,0.04595824098915199,0.08783389711886154,0.3241572378397294,34.292,1.92,65.84,1.336,0.0,0.0,0.248,1.656,0.024,0.0,4.204,0.24,14.384,4.444,6.452,0.0,0.0,1.084,0.0,0.0,0.22,0.0
23,25,0.99482619240097,0.0,0.005173807599029911,0.0,24.740000000000002,3.12,77.19,0.0,0.0,0.0,0.0,0.12,0.008,0.0,0.652,0.0,23.96,0.0,0.0,0.0,0.0,0.0,0.0,0.0,0.0,0.0
24,26,0.9971550497866288,0.0,0.002844950213371266,0.0,16.872,3.12,52.64,0.0,0.0,0.0,0.024,0.024,0.0,0.0,16.824,0.0,0.0,0.0,0.0,0.0,0.0,0.0,0.0,0.0,0.0,0.0
25,27,0.9582542694497154,0.004981024667931689,0.023244781783681213,0.013519924098671726,8.432,3.07,25.89,0.014,0.028,0.0,0.004,0.192,0.0,0.0,0.0,0.0,8.08,0.114,0.0,0.0,0.0,0.0,0.0,0.0,0.0,0.0
26,28,0.8695730988851627,0.035167225595939454,0.05220701531768332,0.04305266020121454,22.066,2.95,65.09,0.056,0.0,0.0,0.044,0.78,0.0,0.0,0.0,0.72,19.188,0.452,0.18,0.0,0.0,0.328,0.0,0.0,0.0,0.318
27,29,0.407723394701392,0.013022002694207453,0.09699146834306242,0.48226313426133816,13.362000000000002,1.41,18.84,0.174,0.0,0.0,0.0,1.256,0.0,0.0,0.0,0.0,5.448,5.224,1.044,0.0,0.0,0.04,0.0,0.0,0.0,0.176
28,30,0.9231709802323212,0.05074383533727328,0.01467291624210312,0.011412268188302425,19.628,3.07,60.26,0.0,0.304,0.012,0.18,0.096,0.0,0.0,3.06,0.692,15.06,0.0,0.224,0.0,0.0,0.0,0.0,0.0,0.0,0.0
29,31,0.03037766830870279,0.0,0.07799671592775041,0.8916256157635469,4.872,0.1,0.49,0.0,0.0,0.0,0.364,0.0,0.016,0.0,0.148,0.0,0.0,2.736,1.608,0.0,0.0,0.0,0.0,0.0,0.0,0.0
30,32,0.0,0.0,0.08064516129032258,0.9193548387096775,2.976,0.0,0.0,0.0,0.0,0.0,0.0,0.0,0.0,0.0,0.0,0.0,0.0,1.872,0.864,0.0,0.0,0.24,0.0,0.0,0.0,0.0
31,33,0.6784531375883984,0.13570853101781397,0.04064094530480709,0.14519738608898036,22.342,2.49,55.63,3.032,0.0,0.0,0.112,0.76,0.036,0.0,4.176,0.0,8.202,0.708,2.536,0.0,0.0,0.0,2.78,0.0,0.0,0.0
32,34,0.39523121387283244,0.0148121387283237,0.1860549132947977,0.40390173410404623,11.072,1.48,16.39,0.0,0.164,0.0,0.58,1.024,0.176,0.0,0.0,0.0,4.376,2.392,2.08,0.0,0.0,0.28,0.0,0.0,0.0,0.0
33,35,0.5172004744958482,0.18030842230130487,0.14946619217081852,0.15302491103202848,5.058,2.14,10.82,0.196,0.612,0.072,0.052,0.396,0.0,0.672,0.0,0.0,2.616,0.076,0.0,0.104,0.0,0.236,0.0,0.026,0.0,0.0
34,36,0.5088008800880088,0.1342134213421342,0.28272827282728275,0.07425742574257425,3.636,2.25,8.18,0.488,0.0,0.0,0.324,0.328,0.0,0.0,0.0,0.0,1.228,0.124,0.146,0.0,0.0,0.376,0.622,0.0,0.0,0.0
35,37,0.9316725978647687,0.004982206405693951,0.032740213523131674,0.030604982206405697,5.62,3.02,16.97,0.028,0.0,0.0,0.028,0.144,0.012,0.0,0.0,0.0,5.236,0.0,0.172,0.0,0.0,0.0,0.0,0.0,0.0,0.0
36,38,0.9119114578608366,0.001270071668329856,0.02222625419577248,0.06459221627506125,22.046,2.91,64.15,0.028,0.0,0.0,0.02,0.176,0.004,0.0,0.0,0.0,20.104,0.68,0.588,0.0,0.058,0.232,0.0,0.0,0.156,0.0
37,39,0.9054409525128063,0.015367575799529283,0.04098020213207809,0.03821126955558632,14.446,2.98,43.05,0.222,0.0,0.0,0.104,0.276,0.04,0.0,0.0,0.0,13.08,0.348,0.204,0.0,0.0,0.172,0.0,0.0,0.0,0.0
38,40,0.9083376488865872,0.0,0.03780424650440187,0.05385810460901087,7.724,2.94,22.71,0.0,0.0,0.008,0.0,0.212,0.03,0.0,0.0,0.0,7.016,0.31,0.106,0.0,0.0,0.042,0.0,0.0,0.0,0.0
39,41,0.16996047430830039,0.0,0.08695652173913042,0.7430830039525691,3.0360000000000005,0.58,1.76,0.0,0.0,0.0,0.028,0.236,0.0,0.0,0.0,0.0,0.0,1.176,1.08,0.0,0.0,0.0,0.516,0.0,0.0,0.0
40,42,0.7265770197879086,0.18016836121132612,0.04624467038373237,0.047009948617032914,18.294,2.78,50.86,1.148,0.0,0.0,0.44,0.076,0.226,0.0,0.0,2.148,13.292,0.66,0.0,0.0,0.0,0.104,0.0,0.0,0.2,0.0
41,43,0.0783410138248848,0.0527859237536657,0.020527859237536663,0.8483452031839129,9.547999999999998,0.26,2.48,0.0,0.0,0.0,0.108,0.036,0.0,0.0,0.748,0.504,0.0,3.772,4.328,0.0,0.0,0.052,0.0,0.0,0.0,0.0
42,44,0.9699439633214467,0.0,0.028273051451859398,0.001782985226693836,15.703999999999999,3.11,48.84,0.0,0.0,0.0,0.076,0.308,0.06,0.0,0.0,0.0,15.232,0.028,0.0,0.0,0.0,0.0,0.0,0.0,0.0,0.0
43,45,0.2980224677374431,0.0,0.07158109739114288,0.6303964348714141,21.541999999999998,1.0,21.54,0.0,0.0,0.008,0.584,0.728,0.022,0.0,6.42,0.0,0.0,4.244,4.96,0.0,0.0,0.2,0.0,0.0,0.0,4.376
44,46,0.0,0.0,0.08153477218225419,0.9184652278177458,3.3360000000000003,0.0,0.0,0.0,0.0,0.0,0.164,0.108,0.0,0.0,0.0,0.0,0.0,1.544,1.52,0.0,0.0,0.0,0.0,0.0,0.0,0.0
45,47,1.0,0.0,0.0,0.0,27.612,3.12,86.15,0.0,0.0,0.0,0.0,0.0,0.0,0.0,0.0,0.0,27.612,0.0,0.0,0.0,0.0,0.0,0.0,0.0,0.0,0.0
46,48,0.20948616600790512,0.0,0.17278373800112928,0.6177300959909655,7.0840000000000005,0.77,5.45,0.0,0.0,0.0,0.412,0.0,0.0,0.0,0.0,0.0,1.484,3.52,0.856,0.0,0.0,0.812,0.0,0.0,0.0,0.0
47,49,0.8199304750869062,0.021089223638470454,0.11842410196987255,0.04055619930475087,17.26,2.91,50.23,0.264,0.0,0.0,0.0,1.508,0.0,0.0,0.0,0.1,14.152,0.64,0.06,0.0,0.0,0.536,0.0,0.0,0.0,0.0
48,50,0.9904439337123503,0.0016934801016088058,0.0006048143220031449,0.0072577718640377395,16.534000000000002,3.1,51.26,0.028,0.0,0.0,0.0,0.01,0.0,0.0,0.0,0.0,16.376,0.12,0.0,0.0,0.0,0.0,0.0,0.0,0.0,0.0
49,51,0.5505617977528089,0.0,0.10349563046192257,0.3459425717852684,16.02,1.89,30.28,0.0,0.0,0.0,0.47,0.372,0.0,0.0,0.0,0.0,8.82,3.942,1.264,0.0,0.0,0.816,0.0,0.0,0.0,0.336
50,52,0.09464428457234213,0.0,0.27162270183852916,0.6337330135891287,12.51,0.38,4.75,0.0,0.0,0.018,0.77,1.208,0.0,0.3,0.0,0.0,1.184,4.972,2.656,0.0,0.0,1.402,0.0,0.0,0.0,0.0
51,53,0.09458443023693118,0.0007521624670928922,0.6810831139526139,0.22358029334336216,10.636000000000001,0.5,5.32,0.008,0.0,0.0,5.256,0.0,0.928,0.0,1.006,0.0,0.0,1.456,0.832,0.0,0.0,1.06,0.0,0.0,0.0,0.09
52,54,0.0,0.14852443154329945,0.43057571359458147,0.42089985486211895,8.268,0.0,0.0,0.0,0.0,0.0,0.42,0.0,0.0,0.0,0.0,1.228,0.0,2.572,0.908,0.0,0.0,3.14,0.0,0.0,0.0,0.0
53,55,0.2699448068238836,0.0,0.22353236327145007,0.5065228299046663,7.9719999999999995,1.03,8.21,0.0,0.0,0.0,0.624,0.48,0.098,0.0,0.396,0.0,1.756,0.69,0.86,0.0,0.0,0.58,0.0,0.0,0.0,2.488
54,56,0.04781235904375281,0.19756427604871446,0.18538565629228687,0.5692377086152458,4.433999999999999,0.21,0.93,0.842,0.034,0.0,0.216,0.272,0.026,0.0,0.212,0.0,0.0,0.12,2.404,0.0,0.0,0.308,0.0,0.0,0.0,0.0
55,57,0.1,0.00857142857142857,0.20285714285714285,0.6885714285714285,5.6,0.38,2.13,0.048,0.0,0.0,0.296,0.576,0.0,0.0,0.052,0.0,0.0,0.912,2.944,0.0,0.0,0.264,0.508,0.0,0.0,0.0
56,58,0.6552147239263804,0.2238036809815951,0.11116564417177914,0.0098159509202454,8.15,2.73,22.25,1.824,0.0,0.0,0.156,0.4,0.01,0.0,0.0,0.0,5.34,0.08,0.0,0.0,0.0,0.34,0.0,0.0,0.0,0.0
57,59,0.0,0.010261780104712041,0.1817801047120419,0.807958115183246,9.55,0.0,0.0,0.016,0.0,0.0,0.612,0.656,0.0,0.0,0.0,0.0,0.0,4.136,3.58,0.082,0.0,0.468,0.0,0.0,0.0,0.0
58,60,0.3626423690205012,0.18451025056947612,0.15034168564920275,0.30250569476082,8.78,1.51,13.26,1.6,0.02,0.028,0.22,1.072,0.0,0.0,0.0,0.0,3.184,0.96,1.696,0.0,0.0,0.0,0.0,0.0,0.0,0.0
59,61,0.14100077579519008,0.03549262994569434,0.063033359193173,0.7604732350659426,10.312,0.48,4.95,0.0,0.13,0.0,0.278,0.232,0.0,0.0,0.812,0.236,0.198,6.124,1.156,0.0,0.0,0.14,0.444,0.0,0.0,0.562
60,62,0.1864900662251656,0.0376158940397351,0.5525827814569537,0.2233112582781457,7.549999999999998,0.92,6.95,0.0,0.0,0.036,3.408,0.18,0.084,0.0,0.0,0.284,1.408,0.294,1.392,0.0,0.0,0.464,0.0,0.0,0.0,0.0
61,63,0.31014249790444254,0.04735959765297569,0.44677284157585917,0.19572506286672253,9.543999999999999,1.45,13.84,0.0,0.0,0.058,0.472,3.228,0.006,0.0,0.0,0.452,2.96,0.864,1.004,0.0,0.0,0.5,0.0,0.0,0.0,0.0
62,64,0.19256856384547333,0.0,0.07785314066647007,0.7295782954880566,6.782,0.65,4.41,0.0,0.0,0.0,0.0,0.188,0.1,0.724,0.0,0.0,1.306,3.748,0.476,0.0,0.0,0.24,0.0,0.0,0.0,0.0
63,65,0.5802968960863698,0.0,0.1767881241565452,0.242914979757085,1.482,2.13,3.16,0.0,0.0,0.0,0.0,0.148,0.026,0.0,0.0,0.0,0.86,0.116,0.244,0.0,0.0,0.088,0.0,0.0,0.0,0.0
64,66,0.3834808259587021,0.3796633697726879,0.06177338191913934,0.17508242234947077,11.526000000000002,1.72,19.82,0.0,0.0,0.052,0.136,0.12,0.0,0.0,0.112,4.376,2.056,1.572,0.22,0.0,0.0,0.404,2.252,0.0,0.0,0.226
65,67,0.2806499261447563,0.42836041358936483,0.11669128508124078,0.17429837518463812,2.708,1.35,3.66,0.0,0.0,0.0,0.068,0.056,0.0,0.0,0.0,1.16,0.76,0.0,0.472,0.0,0.0,0.192,0.0,0.0,0.0,0.0
66,68,0.911102007374027,0.011675542810323637,0.03625563293732077,0.04096681687832855,9.764000000000001,2.98,29.1,0.114,0.0,0.0,0.098,0.056,0.0,0.0,0.0,0.0,8.896,0.188,0.212,0.0,0.0,0.2,0.0,0.0,0.0,0.0
67,69,0.0,0.0,0.06242274412855378,0.9375772558714462,6.4719999999999995,0.0,0.0,0.0,0.0,0.0,0.308,0.096,0.0,0.0,0.0,0.0,0.0,5.056,1.012,0.0,0.0,0.0,0.0,0.0,0.0,0.0
68,70,0.761570827489481,0.13639551192145863,0.0781907433380084,0.023842917251051893,11.408,2.88,32.86,0.02,0.0,0.0,0.28,0.308,0.08,0.0,0.0,1.536,8.688,0.272,0.0,0.0,0.0,0.224,0.0,0.0,0.0,0.0
69,71,0.8416047034411205,0.07418295002593808,0.06985993429016082,0.014352412242780563,23.132000000000005,3.0,69.4,0.288,0.0,0.0,1.372,0.1,0.068,0.0,9.656,1.428,9.66,0.264,0.0,0.0,0.0,0.076,0.152,0.0,0.0,0.068
70,72,0.9220183486238531,0.003931847968545216,0.04685452162516383,0.02719528178243774,12.208,3.02,36.87,0.0,0.0,0.0,0.244,0.068,0.02,0.0,2.214,0.048,9.042,0.332,0.0,0.0,0.0,0.24,0.0,0.0,0.0,0.0
71,73,0.6835775202274219,0.19177782637218457,0.08834463153291058,0.03630002186748305,18.292,2.73,49.94,0.316,0.0,0.0,0.476,0.924,0.0,0.0,0.0,3.192,12.504,0.356,0.124,0.0,0.0,0.216,0.0,0.0,0.0,0.184
72,74,0.9458856345885635,0.0,0.04686192468619247,0.007252440725244072,14.34,3.09,44.31,0.0,0.0,0.0,0.252,0.144,0.0,0.0,0.0,0.0,13.564,0.104,0.0,0.0,0.0,0.276,0.0,0.0,0.0,0.0
73,75,0.8831377592027004,0.07726517708835663,0.028237689546160852,0.011359374162781974,37.326,3.04,113.47,0.028,0.0,0.0,0.0,0.562,0.124,0.0,0.3,2.856,32.664,0.424,0.0,0.0,0.0,0.368,0.0,0.0,0.0,0.0
74,76,0.04369349978476108,0.0,0.02948773138183383,0.926818768833405,9.292,0.14,1.3,0.0,0.0,0.0,0.274,0.0,0.0,0.0,0.0,0.0,0.406,8.612,0.0,0.0,0.0,0.0,0.0,0.0,0.0,0.0
75,77,0.0,0.0,0.10008779631255488,0.8999122036874451,4.556,0.0,0.0,0.0,0.0,0.0,0.456,0.0,0.0,0.0,0.0,0.0,0.0,2.64,1.46,0.0,0.0,0.0,0.0,0.0,0.0,0.0
76,78,0.9323120769504809,0.0,0.049875311720698264,0.017812611328820806,11.228,3.05,34.25,0.0,0.0,0.0,0.16,0.0,0.0,0.0,0.0,0.0,10.468,0.2,0.0,0.0,0.0,0.4,0.0,0.0,0.0,0.0
77,79,0.0,0.0,0.027389903329752958,0.9726100966702471,7.4479999999999995,0.0,0.0,0.0,0.0,0.0,0.112,0.0,0.04,0.292,0.0,0.0,0.0,6.432,0.52,0.0,0.0,0.052,0.0,0.0,0.0,0.0
78,80,0.9299672427425733,0.013554727211114876,0.04563424827742009,0.010843781768891902,17.706000000000003,3.07,54.36,0.24,0.0,0.016,0.38,0.308,0.024,0.0,16.466,0.0,0.0,0.108,0.0,0.0,0.004,0.076,0.0,0.004,0.08,0.0
79,81,0.33130699088145893,0.0668693009118541,0.2826747720364742,0.3191489361702128,1.316,1.39,1.83,0.088,0.0,0.0,0.096,0.256,0.02,0.0,0.384,0.0,0.052,0.084,0.336,0.0,0.0,0.0,0.0,0.0,0.0,0.0
80,82,0.5115681233933163,0.09768637532133675,0.061696658097686374,0.32904884318766064,0.778,1.85,1.44,0.076,0.0,0.0,0.0,0.048,0.0,0.0,0.388,0.0,0.01,0.0,0.256,0.0,0.0,0.0,0.0,0.0,0.0,0.0
81,83,0.40425531914893614,0.0,0.19148936170212766,0.40425531914893614,0.188,1.5,0.28,0.0,0.0,0.0,0.0,0.036,0.0,0.0,0.076,0.0,0.0,0.076,0.0,0.0,0.0,0.0,0.0,0.0,0.0,0.0
82,84,0.6976744186046511,0.07973421926910298,0.07641196013289035,0.14617940199335544,1.204,2.52,3.03,0.092,0.004,0.0,0.004,0.052,0.004,0.0,0.84,0.0,0.0,0.176,0.0,0.0,0.0,0.032,0.0,0.0,0.0,0.0
83,85,0.6149068322981366,0.05590062111801243,0.2298136645962733,0.09937888198757763,0.644,2.47,1.59,0.032,0.0,0.016,0.0,0.132,0.0,0.0,0.36,0.004,0.036,0.064,0.0,0.0,0.0,0.0,0.0,0.0,0.0,0.0
84,86,0.8540145985401459,0.0,0.038321167883211674,0.10766423357664232,2.192,2.77,6.07,0.0,0.0,0.0,0.032,0.052,0.0,0.0,1.872,0.0,0.0,0.236,0.0,0.0,0.0,0.0,0.0,0.0,0.0,0.0
85,87,0.9891304347826086,0.0,0.010869565217391304,0.0,0.368,3.12,1.15,0.0,0.0,0.0,0.0,0.0,0.0,0.0,0.364,0.0,0.0,0.0,0.0,0.0,0.004,0.0,0.0,0.0,0.0,0.0
86,88,0.7278106508875739,0.03550295857988165,0.23668639053254437,0.0,2.028,2.89,5.86,0.072,0.0,0.0,0.04,0.08,0.36,0.0,1.476,0.0,0.0,0.0,0.0,0.0,0.0,0.0,0.0,0.0,0.0,0.0
87,89,0.8546511627906976,0.006782945736434108,0.06201550387596899,0.07655038759689922,4.128,2.85,11.76,0.0,0.0,0.0,0.0,0.216,0.04,0.0,3.528,0.0,0.0,0.112,0.204,0.028,0.0,0.0,0.0,0.0,0.0,0.0
88,90,0.7796610169491525,0.0423728813559322,0.11016949152542371,0.06779661016949151,2.3600000000000003,2.8,6.61,0.076,0.024,0.028,0.068,0.0,0.0,0.0,0.724,0.0,0.0,0.16,0.0,0.0,0.092,0.072,1.116,0.0,0.0,0.0
89,91,0.0,0.0,0.78125,0.21875,0.256,0.0,0.0,0.0,0.0,0.036,0.036,0.124,0.004,0.0,0.0,0.0,0.0,0.056,0.0,0.0,0.0,0.0,0.0,0.0,0.0,0.0
90,92,0.9673913043478262,0.0,0.009420289855072464,0.023188405797101453,5.52,3.05,16.84,0.0,0.0,0.0,0.0,0.052,0.0,0.0,5.34,0.0,0.0,0.0,0.128,0.0,0.0,0.0,0.0,0.0,0.0,0.0
91,93,1.0,0.0,0.0,0.0,1.108,3.12,3.46,0.0,0.0,0.0,0.0,0.0,0.0,0.0,1.108,0.0,0.0,0.0,0.0,0.0,0.0,0.0,0.0,0.0,0.0,0.0
92,94,0.9180977542932628,0.02642007926023778,0.005284015852047555,0.050198150594451776,3.028,2.95,8.93,0.08,0.0,0.0,0.0,0.016,0.0,0.0,2.712,0.0,0.068,0.0,0.152,0.0,0.0,0.0,0.0,0.0,0.0,0.0
93,95,0.9634608755601516,0.006894174422612892,0.021716649431230608,0.007928300586004825,11.604,3.09,35.86,0.0,0.0,0.0,0.032,0.0,0.0,0.0,11.18,0.08,0.0,0.092,0.0,0.0,0.0,0.22,0.0,0.0,0.0,0.0
94,96,0.827930174563591,0.0,0.06483790523690773,0.10723192019950124,4.812,2.75,13.23,0.0,0.0,0.0,0.028,0.22,0.0,0.0,3.984,0.0,0.0,0.136,0.216,0.0,0.0,0.064,0.0,0.164,0.0,0.0
95,97,0.9789350497366882,0.0,0.012287887653598598,0.008777062609713284,6.836,3.09,21.12,0.0,0.0,0.0,0.056,0.028,0.0,0.0,6.692,0.0,0.0,0.06,0.0,0.0,0.0,0.0,0.0,0.0,0.0,0.0
96,98,0.9891304347826086,0.0,0.010869565217391304,0.0,2.208,3.12,6.89,0.0,0.0,0.0,0.0,0.024,0.0,0.0,2.184,0.0,0.0,0.0,0.0,0.0,0.0,0.0,0.0,0.0,0.0,0.0
97,99,0.22094361334867665,0.5765247410817032,0.13118527042577674,0.0713463751438435,1.738,1.18,2.05,0.8,0.202,0.0,0.02,0.156,0.052,0.0,0.384,0.0,0.0,0.0,0.0,0.0,0.0,0.0,0.0,0.124,0.0,0.0
98,100,0.9593810444874277,0.0,0.010638297872340427,0.029980657640232115,4.136,3.02,12.49,0.0,0.0,0.0,0.0,0.044,0.0,0.0,3.968,0.0,0.0,0.0,0.124,0.0,0.0,0.0,0.0,0.0,0.0,0.0
99,101,0.891566265060241,0.0,0.032128514056224904,0.07630522088353414,0.996,2.87,2.86,0.0,0.0,0.0,0.0,0.028,0.004,0.0,0.0,0.0,0.888,0.076,0.0,0.0,0.0,0.0,0.0,0.0,0.0,0.0
100,102,0.9094076655052264,0.0,0.06968641114982578,0.020905923344947733,4.5920000000000005,3.03,13.91,0.0,0.0,0.0,0.0,0.192,0.128,0.0,4.176,0.0,0.0,0.0,0.096,0.0,0.0,0.0,0.0,0.0,0.0,0.0
101,103,0.05343511450381679,0.26717557251908397,0.3282442748091603,0.3511450381679389,0.262,0.27,0.07,0.054,0.016,0.0,0.016,0.056,0.014,0.0,0.0,0.0,0.014,0.092,0.0,0.0,0.0,0.0,0.0,0.0,0.0,0.0
102,104,0.8813343519225871,0.032594856124267886,0.06799083269671505,0.018079959256429842,15.708,3.03,47.6,0.444,0.0,0.0,0.228,0.592,0.116,0.0,0.0,0.04,3.156,0.284,0.0,0.028,0.004,0.128,10.688,0.0,0.0,0.0
103,105,0.910974673829624,0.0,0.03607060629316961,0.05295471987720645,5.212000000000001,2.94,15.32,0.0,0.0,0.0,0.072,0.036,0.0,0.0,0.0,0.0,4.748,0.0,0.276,0.0,0.0,0.08,0.0,0.0,0.0,0.0
104,106,0.4852752880921895,0.3207426376440461,0.05889884763124199,0.1350832266325224,6.248,2.09,13.06,0.108,1.896,0.02,0.068,0.228,0.004,0.0,1.024,0.0,1.896,0.568,0.132,0.0,0.0,0.048,0.112,0.0,0.144,0.0
105,107,0.8616071428571429,0.03125,0.004464285714285714,0.10267857142857142,0.896,2.78,2.49,0.028,0.0,0.0,0.0,0.004,0.0,0.0,0.772,0.0,0.0,0.092,0.0,0.0,0.0,0.0,0.0,0.0,0.0,0.0
106,108,0.4735007986060694,0.005227239727021924,0.0627268767242631,0.4585450849426455,13.774000000000001,1.58,21.76,0.0,0.072,0.04,0.072,0.12,0.092,0.0,5.976,0.0,0.0,3.336,1.14,0.0,0.0,0.54,0.546,1.84,0.0,0.0
107,109,0.9753694581280788,0.0,0.0,0.024630541871921187,4.06,3.04,12.34,0.0,0.0,0.0,0.0,0.0,0.0,0.0,0.0,0.0,3.96,0.0,0.0,0.0,0.0,0.0,0.0,0.1,0.0,0.0
108,110,1.0,0.0,0.0,0.0,7.792,3.12,24.31,0.0,0.0,0.0,0.0,0.0,0.0,0.0,0.0,0.0,7.792,0.0,0.0,0.0,0.0,0.0,0.0,0.0,0.0,0.0
109,111,0.9868181818181818,0.0,0.013181818181818182,0.0,8.799999999999999,3.12,27.46,0.0,0.0,0.0,0.0,0.092,0.0,0.0,8.684,0.0,0.0,0.0,0.0,0.0,0.024,0.0,0.0,0.0,0.0,0.0
110,112,0.9784449576597384,0.0030792917628945345,0.013086989992301772,0.005388760585065436,5.196000000000001,3.1,16.11,0.0,0.016,0.0,0.004,0.06,0.004,0.0,1.364,0.0,3.72,0.028,0.0,0.0,0.0,0.0,0.0,0.0,0.0,0.0
111,113,1.0,0.0,0.0,0.0,0.336,3.12,1.05,0.0,0.0,0.0,0.0,0.0,0.0,0.0,0.336,0.0,0.0,0.0,0.0,0.0,0.0,0.0,0.0,0.0,0.0,0.0
112,114,0.7845601436265709,0.011071214841412326,0.10682226211849193,0.09754637941352484,13.367999999999999,2.74,36.63,0.076,0.072,0.04,0.636,0.404,0.204,0.296,10.488,0.0,0.0,0.664,0.344,0.0,0.0,0.144,0.0,0.0,0.0,0.0
113,115,0.8083333333333333,0.008333333333333333,0.18333333333333335,0.0,0.48,3.0,1.44,0.004,0.0,0.0,0.004,0.084,0.0,0.0,0.388,0.0,0.0,0.0,0.0,0.0,0.0,0.0,0.0,0.0,0.0,0.0
114,116,0.9776951672862455,0.0,0.002788104089219331,0.01951672862453532,8.608,3.06,26.34,0.0,0.0,0.0,0.0,0.004,0.02,0.0,6.216,0.0,2.2,0.168,0.0,0.0,0.0,0.0,0.0,0.0,0.0,0.0
115,117,0.8881516587677725,0.00947867298578199,0.01895734597156398,0.0834123222748815,4.220000000000001,2.85,12.03,0.0,0.04,0.0,0.0,0.08,0.0,0.0,3.748,0.0,0.0,0.252,0.1,0.0,0.0,0.0,0.0,0.0,0.0,0.0
116,118,0.8990825688073394,0.01529051987767584,0.00764525993883792,0.0779816513761468,2.6159999999999997,2.87,7.51,0.0,0.0,0.0,0.0,0.02,0.0,0.0,0.0,0.0,2.352,0.112,0.092,0.04,0.0,0.0,0.0,0.0,0.0,0.0
117,119,0.7576601671309192,0.10584958217270196,0.057567316620241414,0.07892293407613742,2.154,2.75,5.92,0.164,0.044,0.0,0.02,0.052,0.048,0.0,1.632,0.02,0.0,0.11,0.06,0.0,0.004,0.0,0.0,0.0,0.0,0.0
118,120,0.8804034582132565,0.0,0.010806916426512969,0.10878962536023055,5.552,2.78,15.43,0.0,0.0,0.04,0.0,0.016,0.004,0.0,4.888,0.0,0.0,0.3,0.304,0.0,0.0,0.0,0.0,0.0,0.0,0.0
119,121,0.9656538969616909,0.0,0.0,0.034346103038309116,6.056,3.01,18.23,0.0,0.0,0.0,0.0,0.0,0.0,0.0,5.848,0.0,0.0,0.08,0.128,0.0,0.0,0.0,0.0,0.0,0.0,0.0
120,122,0.9909456740442656,0.009054325955734405,0.0,0.0,3.976,3.12,12.41,0.036,0.0,0.0,0.0,0.0,0.0,0.0,3.94,0.0,0.0,0.0,0.0,0.0,0.0,0.0,0.0,0.0,0.0,0.0
121,123,0.9136212624584719,0.004983388704318937,0.012458471760797342,0.06893687707641195,4.816000000000001,2.9,13.97,0.024,0.0,0.0,0.0,0.032,0.0,0.0,4.4,0.0,0.0,0.212,0.12,0.0,0.0,0.028,0.0,0.0,0.0,0.0
122,124,1.0,0.0,0.0,0.0,11.976,3.12,37.37,0.0,0.0,0.0,0.0,0.0,0.0,0.0,11.976,0.0,0.0,0.0,0.0,0.0,0.0,0.0,0.0,0.0,0.0,0.0
123,125,0.8484848484848485,0.030303030303030304,0.018648018648018648,0.10256410256410256,1.716,2.78,4.77,0.052,0.0,0.0,0.0,0.032,0.0,0.0,1.456,0.0,0.0,0.176,0.0,0.0,0.0,0.0,0.0,0.0,0.0,0.0
124,126,0.957240038872692,0.0,0.042759961127308066,0.0,4.116,3.11,12.8,0.0,0.0,0.0,0.0,0.172,0.004,0.0,0.0,0.0,3.94,0.0,0.0,0.0,0.0,0.0,0.0,0.0,0.0,0.0
125,127,0.8142857142857143,0.04821428571428571,0.09999999999999999,0.0375,2.24,2.92,6.54,0.104,0.004,0.0,0.048,0.14,0.02,0.0,1.824,0.0,0.0,0.084,0.0,0.0,0.016,0.0,0.0,0.0,0.0,0.0
126,128,0.0,0.1293103448275862,0.2126436781609195,0.6580459770114943,1.3920000000000001,0.0,0.0,0.0,0.18,0.0,0.064,0.192,0.04,0.0,0.0,0.0,0.0,0.464,0.452,0.0,0.0,0.0,0.0,0.0,0.0,0.0
127,129,0.628099173553719,0.0,0.028925619834710745,0.34297520661157027,0.968,2.02,1.96,0.0,0.0,0.0,0.004,0.004,0.02,0.0,0.608,0.0,0.0,0.216,0.116,0.0,0.0,0.0,0.0,0.0,0.0,0.0
128,130,0.9641393442622951,0.0,0.0,0.03586065573770492,3.904,3.01,11.75,0.0,0.0,0.0,0.0,0.0,0.0,0.0,0.0,0.0,3.764,0.072,0.068,0.0,0.0,0.0,0.0,0.0,0.0,0.0
129,131,0.8892061679040547,0.03198172472872644,0.021701884637350087,0.05711022272986865,7.004,2.92,20.45,0.0,0.224,0.0,0.004,0.14,0.008,0.0,6.228,0.0,0.0,0.4,0.0,0.0,0.0,0.0,0.0,0.0,0.0,0.0
130,132,0.3105756358768407,0.5140562248995985,0.13654618473895583,0.03882195448460509,2.988,1.6,4.78,0.252,1.256,0.0,0.092,0.204,0.112,0.0,0.928,0.028,0.0,0.0,0.116,0.0,0.0,0.0,0.0,0.0,0.0,0.0
131,133,0.8133971291866029,0.0,0.07416267942583732,0.1124401913875598,1.6720000000000002,2.72,4.55,0.0,0.0,0.0,0.024,0.04,0.0,0.0,1.36,0.0,0.0,0.052,0.136,0.0,0.0,0.06,0.0,0.0,0.0,0.0
132,134,0.8684503901895206,0.0,0.02564102564102564,0.10590858416945373,3.588,2.78,9.97,0.0,0.0,0.0,0.0,0.088,0.004,0.0,3.116,0.0,0.0,0.24,0.14,0.0,0.0,0.0,0.0,0.0,0.0,0.0
133,135,0.798549556809025,0.0306204673650282,0.0515713134568896,0.1192586623690572,17.374000000000002,2.7,46.91,0.0,0.0,0.056,0.28,0.56,0.0,0.0,13.874,0.0,0.0,0.728,1.344,0.532,0.0,0.0,0.0,0.0,0.0,0.0
134,136,0.3897559023609443,0.2501000400160064,0.16726690676270506,0.1928771508603441,17.493,1.72,30.09,0.0,2.408,0.07,0.994,0.826,1.036,0.0,3.024,1.967,0.0,0.0,1.134,0.0,0.0,0.0,3.794,1.827,0.0,0.413
135,137,0.5976534554299614,0.06038059808270138,0.19058520532264983,0.15138074116468736,48.922999999999995,2.33,113.99,2.38,0.182,0.476,3.752,1.995,0.203,0.0,29.239,0.0,0.0,5.908,0.854,0.392,0.217,2.681,0.0,0.0,0.308,0.336
136,138,0.0,0.11594202898550723,0.577152600170503,0.3069053708439898,16.422,0.0,0.0,1.736,0.168,0.098,6.048,1.512,0.0,1.302,0.0,0.0,0.0,2.338,1.4,0.0,0.0,1.82,0.0,0.0,0.0,0.0
137,140,0.6623843782117164,0.04110996916752313,0.23792394655704013,0.05858170606372046,27.244,2.64,71.92,0.266,0.112,0.0,0.938,1.022,2.898,0.0,18.046,0.0,0.0,1.05,0.546,0.742,0.0,1.624,0.0,0.0,0.0,0.0
138,141,0.3905325443786982,0.015384615384615384,0.12307692307692307,0.4710059171597633,11.830000000000002,1.39,16.44,0.182,0.0,0.266,0.322,0.434,0.0,0.0,4.62,0.0,0.0,4.578,0.994,0.0,0.0,0.434,0.0,0.0,0.0,0.0
139,142,0.29656706929434196,0.08137317228226318,0.09122695486331849,0.5308328035600762,22.021999999999995,1.08,23.78,0.0,1.54,0.112,0.588,0.574,0.735,5.362,3.521,0.0,3.01,4.732,1.218,0.252,0.0,0.0,0.0,0.056,0.0,0.322
140,143,0.8623767900316162,0.021387390738329924,0.10265947554398362,0.013576343686070299,37.639,3.02,113.67,0.805,0.0,0.0,1.064,2.198,0.112,0.0,4.445,0.0,0.0,0.511,0.0,0.0,0.371,0.119,28.014,0.0,0.0,0.0
141,144,0.0,0.1810699588477366,0.1646090534979424,0.654320987654321,6.804,0.0,0.0,1.05,0.182,0.0,0.182,0.252,0.056,0.0,0.0,0.0,0.0,0.658,3.794,0.0,0.0,0.63,0.0,0.0,0.0,0.0
142,145,0.38226637233259747,0.07873436350257543,0.4694628403237675,0.0695364238410596,19.026,1.85,35.2,1.498,0.0,0.0,1.61,0.518,0.0,0.0,7.273,0.0,0.0,0.0,0.763,0.0,0.0,6.804,0.0,0.56,0.0,0.0
143,146,0.6056034482758621,0.08405172413793105,0.13577586206896552,0.17456896551724138,6.496,2.3,14.94,0.07,0.476,0.112,0.056,0.224,0.0,0.0,3.934,0.0,0.0,0.294,0.84,0.0,0.0,0.49,0.0,0.0,0.0,0.0
144,147,0.9868852459016393,0.0,0.013114754098360654,0.0,4.2700000000000005,3.12,13.32,0.0,0.0,0.0,0.056,0.0,0.0,0.0,4.214,0.0,0.0,0.0,0.0,0.0,0.0,0.0,0.0,0.0,0.0,0.0
145,148,0.12913907284768214,0.0,0.2980132450331126,0.5728476821192053,4.228000000000001,0.52,2.2,0.0,0.0,0.0,0.35,0.714,0.0,0.0,0.0,0.0,0.546,1.344,1.078,0.0,0.0,0.196,0.0,0.0,0.0,0.0
146,149,0.36482694106641717,0.0,0.06548175865294667,0.5696913002806361,7.4830000000000005,1.21,9.05,0.0,0.0,0.0,0.0,0.056,0.056,0.0,0.0,0.0,2.73,1.995,1.372,0.0,0.378,0.0,0.0,0.896,0.0,0.0
147,150,0.19328307059629882,0.43660041124057575,0.3111720356408499,0.05894448252227552,20.426,1.05,21.45,4.158,0.602,0.112,3.598,0.658,0.714,0.0,0.0,3.962,3.948,1.204,0.0,0.196,0.0,1.274,0.0,0.0,0.0,0.0
148,151,0.10191082802547771,0.14012738853503184,0.22929936305732485,0.5286624203821656,2.198,0.44,0.97,0.196,0.112,0.0,0.224,0.28,0.0,0.0,0.224,0.0,0.0,1.162,0.0,0.0,0.0,0.0,0.0,0.0,0.0,0.0
149,152,0.5207877461706784,0.0,0.18818380743982493,0.29102844638949676,6.398,1.93,12.35,0.0,0.0,0.0,0.756,0.448,0.0,0.0,0.0,0.0,0.0,1.862,0.0,0.0,0.0,0.0,3.332,0.0,0.0,0.0
150,153,0.0,0.0,0.38532110091743116,0.6146788990825688,4.578,0.0,0.0,0.0,0.0,0.112,0.602,0.441,0.021,0.0,0.0,0.0,0.0,2.814,0.0,0.0,0.0,0.588,0.0,0.0,0.0,0.0
151,154,0.35782747603833864,0.038338658146964855,0.36741214057507987,0.2364217252396166,4.382000000000001,1.57,6.88,0.0,0.0,0.364,0.224,0.406,0.112,0.0,1.568,0.0,0.0,1.036,0.0,0.168,0.252,0.252,0.0,0.0,0.0,0.0
152,155,0.0,0.0,0.7115384615384616,0.28846153846153844,1.456,0.0,0.0,0.0,0.0,0.0,0.35,0.686,0.0,0.0,0.0,0.0,0.0,0.42,0.0,0.0,0.0,0.0,0.0,0.0,0.0,0.0
153,156,0.34561709550806796,0.22088966419537723,0.27082424771042296,0.1626689925861317,32.102,1.61,51.68,4.242,0.476,0.07,1.498,1.288,2.163,0.98,6.944,2.373,0.0,0.28,2.254,0.0,0.0,3.675,4.151,1.533,0.0,0.175
154,157,0.8496420047732696,0.04415274463007159,0.1062052505966587,0.0,11.732,3.05,35.78,0.518,0.0,0.0,0.308,0.812,0.126,0.0,9.968,0.0,0.0,0.0,0.0,0.0,0.0,0.0,0.0,0.0,0.0,0.0
155,158,0.2119514472455649,0.04481792717086835,0.36041083099906623,0.3828197945845005,14.994,0.93,13.94,0.504,0.168,0.574,1.694,2.016,0.14,2.058,3.178,0.0,0.0,1.918,1.666,0.0,0.0,0.98,0.0,0.098,0.0,0.0
156,159,0.6105947955390335,0.2472118959107807,0.08178438661710037,0.0604089219330855,15.064,2.53,38.11,0.168,0.504,0.0,0.406,0.28,0.154,0.0,8.036,3.052,1.162,0.91,0.0,0.0,0.0,0.392,0.0,0.0,0.0,0.0
157,160,0.568445475638051,0.15661252900232017,0.21693735498839903,0.05800464037122969,12.068000000000001,2.44,29.45,1.666,0.224,0.0,1.386,1.232,0.0,0.0,6.86,0.0,0.0,0.224,0.0,0.0,0.0,0.0,0.0,0.476,0.0,0.0
158,161,0.7317187867387727,0.08182459440395015,0.1081589466259111,0.0782976722313661,29.771000000000004,2.72,80.98,0.812,0.77,0.182,0.952,0.994,0.175,0.0,19.376,0.161,2.408,2.24,0.0,0.693,0.0,0.917,0.0,0.091,0.0,0.0
159,162,0.7654614652711704,0.003330161750713606,0.09372026641294005,0.13748810656517602,29.428000000000004,2.62,77.1,0.098,0.0,0.112,1.358,1.12,0.014,0.0,0.0,0.0,14.476,4.046,0.0,0.0,0.0,0.154,8.05,0.0,0.0,0.0
160,163,0.9881235154394299,0.0,0.011876484560570073,0.0,5.894,3.12,18.39,0.0,0.0,0.0,0.07,0.0,0.0,0.0,0.0,0.0,5.824,0.0,0.0,0.0,0.0,0.0,0.0,0.0,0.0,0.0
161,164,0.8409596255119953,0.034874195435927444,0.04903452311293154,0.0751316559391457,59.815,2.84,169.87,0.0,0.0,0.007,1.344,0.336,0.588,0.0,0.0,2.086,50.302,0.0,0.0,0.0,0.0,0.658,0.0,0.0,0.0,4.494
162,165,0.5508982035928145,0.411764705882353,0.02148643888693202,0.01585065163790067,39.746,2.46,97.78,0.56,0.0,0.0,0.168,0.42,0.266,0.0,21.896,15.806,0.0,0.252,0.378,0.0,0.0,0.0,0.0,0.0,0.0,0.0
163,166,0.828747977048698,0.049139326173311765,0.071796380756216,0.05031631602177432,47.579,2.9,137.98,0.504,1.512,0.168,0.98,1.022,0.0,0.0,0.0,0.322,39.431,2.394,0.0,0.0,0.0,1.246,0.0,0.0,0.0,0.0
164,167,0.38963963963963966,0.37837837837837834,0.21396396396396397,0.018018018018018018,6.216,1.94,12.06,2.352,0.0,0.14,0.952,0.238,0.0,0.0,0.0,0.0,2.422,0.112,0.0,0.0,0.0,0.0,0.0,0.0,0.0,0.0
165,168,0.22401433691756273,0.15053763440860216,0.5824372759856631,0.043010752688172046,7.811999999999999,1.21,9.45,1.176,0.0,0.0,4.55,0.0,0.0,0.0,1.75,0.0,0.0,0.336,0.0,0.0,0.0,0.0,0.0,0.0,0.0,0.0
166,169,0.0,0.0,1.0,0.0,1.246,0.0,0.0,0.0,0.0,0.14,0.7,0.252,0.0,0.0,0.0,0.0,0.0,0.0,0.0,0.0,0.0,0.154,0.0,0.0,0.0,0.0
167,170,0.4097938144329897,0.012886597938144331,0.2809278350515464,0.2963917525773196,5.432,1.65,8.96,0.07,0.0,0.14,0.28,0.602,0.0,0.0,1.946,0.0,0.28,1.54,0.0,0.0,0.0,0.504,0.0,0.07,0.0,0.0
168,171,0.0,0.0,0.396551724137931,0.603448275862069,0.8119999999999999,0.0,0.0,0.0,0.0,0.0,0.224,0.098,0.0,0.0,0.0,0.0,0.0,0.49,0.0,0.0,0.0,0.0,0.0,0.0,0.0,0.0
169,172,0.0,0.15436241610738258,0.6845637583892618,0.16107382550335572,2.086,0.0,0.0,0.322,0.0,0.0,0.77,0.364,0.0,0.0,0.0,0.0,0.0,0.336,0.0,0.0,0.0,0.294,0.0,0.0,0.0,0.0
170,173,0.6552498596294217,0.0673778775968557,0.2077484559236384,0.06962380685008421,24.933999999999997,2.61,65.08,1.288,0.0,0.084,1.736,0.77,0.56,0.0,9.856,0.392,6.482,1.246,0.126,0.0,0.182,1.848,0.0,0.0,0.0,0.364
171,174,0.9777424483306837,0.0,0.022257551669316374,0.0,17.612000000000002,3.12,54.95,0.0,0.0,0.0,0.0,0.392,0.0,0.0,16.114,0.0,0.0,0.0,0.0,0.0,0.0,0.0,1.106,0.0,0.0,0.0
172,175,0.016018306636155607,0.36867531146707355,0.5491990846681921,0.06610729722857869,5.506200000000001,0.1,0.55,1.862,0.168,0.364,0.7,0.56,0.336,0.0,0.0882,0.0,0.0,0.0,0.364,0.0,0.126,0.938,0.0,0.0,0.0,0.0
173,212,0.7159493670886076,0.06556962025316457,0.18506329113924053,0.033417721518987344,3.9499999999999997,2.79,11.02,0.06,0.184,0.13,0.165,0.336,0.1,0.132,2.828,0.015,0.0,0.0,0.0,0.0,0.0,0.0,0.0,0.0,0.0,0.0
174,213,0.5525773195876289,0.1134020618556701,0.15051546391752577,0.18350515463917524,0.9700000000000001,2.18,2.11,0.0,0.098,0.03,0.034,0.052,0.03,0.0,0.536,0.0,0.0,0.178,0.0,0.012,0.0,0.0,0.0,0.0,0.0,0.0
175,214,0.6132785763175906,0.2655715263518138,0.11704312114989732,0.004106776180698152,2.9219999999999997,2.64,7.71,0.562,0.214,0.0,0.034,0.182,0.126,0.0,1.792,0.0,0.0,0.012,0.0,0.0,0.0,0.0,0.0,0.0,0.0,0.0
176,215,0.32014607425441266,0.4065733414485697,0.22154595252586734,0.05173463177115034,3.2860000000000005,1.63,5.36,1.258,0.024,0.002,0.034,0.648,0.028,0.0,0.948,0.0,0.0,0.042,0.0,0.054,0.0,0.016,0.104,0.0,0.0,0.128
177,216,0.4159907300115875,0.2838933951332561,0.238702201622248,0.06141367323290846,1.726,1.98,3.42,0.392,0.056,0.0,0.08,0.258,0.074,0.0,0.718,0.012,0.0,0.0,0.106,0.03,0.0,0.0,0.0,0.0,0.0,0.0
178,217,0.0,0.8993865030674847,0.00245398773006135,0.09815950920245399,1.63,0.0,0.0,1.466,0.0,0.0,0.0,0.002,0.002,0.0,0.0,0.0,0.0,0.16,0.0,0.0,0.0,0.0,0.0,0.0,0.0,0.0
179,218,0.684313725490196,0.17058823529411762,0.06470588235294118,0.0803921568627451,1.02,2.64,2.69,0.0,0.174,0.0,0.028,0.038,0.0,0.0,0.696,0.0,0.002,0.014,0.068,0.0,0.0,0.0,0.0,0.0,0.0,0.0
180,219,0.5872249060654858,0.23993558776167473,0.1411701556629093,0.03166935050993022,3.726,2.53,9.43,0.446,0.448,0.04,0.182,0.018,0.0,0.0,2.188,0.0,0.0,0.118,0.0,0.0,0.0,0.286,0.0,0.0,0.0,0.0
181,220,0.17567567567567566,0.6277641277641277,0.03562653562653562,0.16093366093366093,1.6280000000000003,0.91,1.48,0.91,0.112,0.03,0.002,0.026,0.0,0.0,0.286,0.0,0.0,0.032,0.23,0.0,0.0,0.0,0.0,0.0,0.0,0.0
182,221,0.0,0.0,1.0,0.0,0.064,0.0,0.0,0.0,0.0,0.0,0.004,0.0,0.0,0.0,0.0,0.0,0.0,0.0,0.0,0.0,0.0,0.06,0.0,0.0,0.0,0.0
183,222,0.14059405940594058,0.8237623762376237,0.03564356435643565,0.0,1.01,0.82,0.83,0.0,0.832,0.0,0.018,0.016,0.002,0.0,0.102,0.0,0.04,0.0,0.0,0.0,0.0,0.0,0.0,0.0,0.0,0.0
184,223,0.0,0.29693251533742326,0.7030674846625767,0.0,1.6300000000000001,0.0,0.0,0.338,0.146,0.0,0.002,0.876,0.018,0.0,0.0,0.0,0.0,0.0,0.0,0.0,0.0,0.25,0.0,0.0,0.0,0.0
185,224,0.19920318725099598,0.597609561752988,0.09960159362549799,0.1035856573705179,0.502,1.05,0.53,0.252,0.022,0.0,0.002,0.014,0.034,0.0,0.0,0.026,0.1,0.052,0.0,0.0,0.0,0.0,0.0,0.0,0.0,0.0
186,225,0.8227445997458704,0.0698856416772554,0.09275730622617537,0.014612452350698857,3.1479999999999997,2.98,9.38,0.04,0.05,0.01,0.134,0.1,0.0,0.0,2.59,0.13,0.0,0.046,0.0,0.0,0.0,0.048,0.0,0.0,0.0,0.0
187,226,0.8631516587677726,0.0029620853080568723,0.05983412322274882,0.0740521327014218,3.3760000000000003,2.86,9.66,0.01,0.0,0.0,0.128,0.074,0.0,0.0,2.914,0.0,0.0,0.084,0.166,0.0,0.0,0.0,0.0,0.0,0.0,0.0
188,227,0.8895705521472392,0.010224948875255624,0.03680981595092025,0.06339468302658487,0.978,2.9,2.84,0.0,0.01,0.0,0.012,0.022,0.002,0.0,0.87,0.0,0.0,0.062,0.0,0.0,0.0,0.0,0.0,0.0,0.0,0.0
189,228,0.1677997015420328,0.0029845796716962357,0.3561598408224175,0.4730558779638534,12.061999999999998,0.71,8.56,0.0,0.0,0.0,0.94,1.94,0.324,0.612,0.0,0.0,2.024,4.204,0.224,0.036,0.0,1.092,0.0,0.0,0.0,0.666
190,229,0.4758064516129032,0.09677419354838711,0.26612903225806456,0.16129032258064516,1.488,2.02,3.01,0.0,0.1,0.0,0.092,0.1,0.168,0.0,0.708,0.044,0.0,0.124,0.116,0.0,0.0,0.036,0.0,0.0,0.0,0.0
191,230,0.9990167158308753,0.0,0.0009832841691248771,0.0,4.068,3.12,12.69,0.0,0.0,0.0,0.0,0.004,0.0,0.0,4.064,0.0,0.0,0.0,0.0,0.0,0.0,0.0,0.0,0.0,0.0,0.0
192,231,0.9807909604519773,0.0,0.0,0.0192090395480226,3.54,3.06,10.83,0.0,0.0,0.0,0.0,0.0,0.0,0.0,3.472,0.0,0.0,0.0,0.068,0.0,0.0,0.0,0.0,0.0,0.0,0.0
193,232,0.4025695931477516,0.0,0.07842612419700214,0.5190042826552462,7.472,1.35,10.09,0.0,0.0,0.0,0.136,0.106,0.0,0.0,0.0,0.0,3.008,2.878,1.0,0.0,0.0,0.344,0.0,0.0,0.0,0.0
194,233,0.8612143742255266,0.008674101610904586,0.027261462205700124,0.10285006195786867,3.2279999999999998,2.78,8.97,0.0,0.028,0.0,0.0,0.056,0.032,0.0,2.78,0.0,0.0,0.076,0.256,0.0,0.0,0.0,0.0,0.0,0.0,0.0
195,234,0.978862973760933,0.0,0.021137026239067058,0.0,5.4879999999999995,3.12,17.12,0.0,0.0,0.0,0.0,0.116,0.0,0.0,5.372,0.0,0.0,0.0,0.0,0.0,0.0,0.0,0.0,0.0,0.0,0.0
196,235,0.9994051160023796,0.0,0.000594883997620464,0.0,6.724,3.12,20.98,0.0,0.0,0.0,0.0,0.004,0.0,0.0,3.36,0.0,3.36,0.0,0.0,0.0,0.0,0.0,0.0,0.0,0.0,0.0
197,236,0.9945305378304466,0.0,0.0054694621695533276,0.0,4.388,3.12,13.69,0.0,0.0,0.0,0.0,0.024,0.0,0.0,4.364,0.0,0.0,0.0,0.0,0.0,0.0,0.0,0.0,0.0,0.0,0.0
198,237,0.8944060339409177,0.0069138906348208675,0.008799497171590195,0.08988057825267128,6.364,2.83,18.01,0.044,0.0,0.0,0.0,0.016,0.0,0.0,5.692,0.0,0.0,0.156,0.06,0.0,0.0,0.04,0.0,0.0,0.356,0.0
199,238,0.6688851913477538,0.05990016638935109,0.11314475873544094,0.15806988352745424,2.404,2.45,5.89,0.14,0.004,0.0,0.0,0.24,0.0,0.0,0.0,0.0,1.608,0.14,0.24,0.0,0.0,0.032,0.0,0.0,0.0,0.0
200,239,0.7402190923317683,0.06416275430359937,0.10954616588419407,0.08607198748043818,2.556,2.71,6.93,0.138,0.026,0.0,0.014,0.21,0.016,0.0,1.892,0.0,0.0,0.22,0.0,0.0,0.0,0.04,0.0,0.0,0.0,0.0
201,240,0.8682968682968684,0.061776061776061784,0.0072930072930072936,0.06263406263406263,9.324,2.9,27.04,0.02,0.556,0.0,0.0,0.068,0.0,0.0,0.0,0.0,8.096,0.216,0.0,0.0,0.0,0.0,0.0,0.0,0.0,0.368
202,241,0.9154746423927177,0.0,0.05071521456436931,0.03381014304291287,1.5379999999999998,3.0,4.61,0.0,0.0,0.0,0.02,0.048,0.01,0.0,0.0,0.0,1.408,0.052,0.0,0.0,0.0,0.0,0.0,0.0,0.0,0.0
203,242,0.2699435938759065,0.057211925866236905,0.4512489927477841,0.22159548751007252,4.964,1.27,6.3,0.216,0.068,0.0,0.292,1.236,0.16,0.0,1.34,0.0,0.0,0.82,0.28,0.0,0.0,0.552,0.0,0.0,0.0,0.0
204,243,1.0,0.0,0.0,0.0,2.14,3.12,6.68,0.0,0.0,0.0,0.0,0.0,0.0,0.0,2.14,0.0,0.0,0.0,0.0,0.0,0.0,0.0,0.0,0.0,0.0,0.0
205,244,0.9700647249190938,0.0,0.006472491909385113,0.023462783171521034,14.832,3.05,45.24,0.0,0.0,0.0,0.0,0.04,0.0,0.0,0.0,0.0,14.388,0.22,0.128,0.0,0.016,0.04,0.0,0.0,0.0,0.0
206,245,0.8843338213762811,0.0417276720351391,0.027086383601756955,0.04685212298682285,2.732,2.95,8.06,0.114,0.0,0.0,0.002,0.072,0.0,0.0,2.416,0.0,0.0,0.0,0.016,0.0,0.0,0.0,0.0,0.0,0.0,0.112
207,246,0.6502024291497975,0.24372469635627528,0.08502024291497975,0.021052631578947364,4.94,2.69,13.29,1.204,0.0,0.0,0.004,0.2,0.0,0.0,0.0,0.0,3.212,0.104,0.0,0.0,0.0,0.216,0.0,0.0,0.0,0.0
208,247,0.7720125786163523,0.03223270440251572,0.10062893081761008,0.09512578616352202,2.544,2.73,6.95,0.0,0.06,0.0,0.004,0.096,0.046,0.0,1.964,0.022,0.0,0.034,0.0,0.0,0.004,0.106,0.0,0.0,0.0,0.208
209,248,0.7958183600130676,0.0,0.011107481215289122,0.19307415877164325,12.244,2.51,30.73,0.0,0.0,0.0,0.0,0.0,0.0,1.088,9.744,0.0,0.0,1.016,0.26,0.0,0.0,0.136,0.0,0.0,0.0,0.0
210,249,0.29612546125461253,0.5525830258302582,0.04428044280442804,0.1070110701107011,2.168,1.47,3.19,1.196,0.002,0.0,0.004,0.092,0.0,0.0,0.642,0.0,0.0,0.116,0.116,0.0,0.0,0.0,0.0,0.0,0.0,0.0
211,250,0.6678082191780823,0.0,0.06763698630136987,0.264554794520548,4.672000000000001,2.22,10.37,0.0,0.0,0.0,0.0,0.128,0.0,0.572,3.12,0.0,0.0,0.448,0.216,0.0,0.088,0.1,0.0,0.0,0.0,0.0
212,251,0.9830938292476754,0.013524936601859678,0.0033812341504649195,0.0,2.366,3.12,7.38,0.032,0.0,0.0,0.0,0.008,0.0,0.0,2.326,0.0,0.0,0.0,0.0,0.0,0.0,0.0,0.0,0.0,0.0,0.0
213,252,0.8424242424242424,0.006060606060606061,0.035016835016835016,0.1164983164983165,5.94,2.74,16.28,0.032,0.004,0.0,0.044,0.14,0.024,0.0,0.604,0.0,4.4,0.392,0.2,0.0,0.0,0.0,0.0,0.0,0.0,0.1
214,253,0.34229137199434223,0.014144271570014143,0.1966053748231966,0.4469589816124469,1.414,1.29,1.82,0.02,0.0,0.0,0.0,0.048,0.078,0.322,0.0,0.0,0.484,0.068,0.062,0.0,0.0,0.152,0.0,0.0,0.18,0.0
215,254,0.9874551971326165,0.0,0.0005973715651135007,0.011947431302270013,6.696,3.08,20.62,0.0,0.0,0.0,0.0,0.004,0.0,0.0,6.612,0.0,0.0,0.08,0.0,0.0,0.0,0.0,0.0,0.0,0.0,0.0
216,255,0.7905337361530714,0.011748909029875798,0.1144679422625042,0.0832494125545485,5.958,2.78,16.56,0.0,0.0,0.0,0.01,0.254,0.01,0.0,0.0,0.07,4.71,0.316,0.0,0.0,0.01,0.398,0.0,0.0,0.0,0.18
217,256,0.9859060402684564,0.0,0.0006711409395973154,0.013422818791946308,5.96,3.08,18.36,0.0,0.0,0.0,0.0,0.004,0.0,0.0,5.876,0.0,0.0,0.08,0.0,0.0,0.0,0.0,0.0,0.0,0.0,0.0
218,257,0.913249211356467,0.0035488958990536282,0.046529968454258684,0.03667192429022083,5.072,2.99,15.17,0.018,0.0,0.0,0.0,0.226,0.0,0.0,4.632,0.0,0.0,0.186,0.0,0.0,0.01,0.0,0.0,0.0,0.0,0.0
219,258,0.8626045400238949,0.0,0.031063321385902034,0.10633213859020313,3.348,2.77,9.27,0.0,0.0,0.0,0.0,0.016,0.0,0.28,2.888,0.0,0.0,0.076,0.0,0.0,0.004,0.084,0.0,0.0,0.0,0.0
220,259,0.9293023255813954,0.0,0.017674418604651163,0.05302325581395349,2.15,2.95,6.34,0.0,0.0,0.0,0.0,0.038,0.0,0.0,1.998,0.0,0.0,0.0,0.114,0.0,0.0,0.0,0.0,0.0,0.0,0.0
221,260,0.930783242258652,0.0,0.020036429872495442,0.04918032786885245,4.392,2.96,13.0,0.0,0.0,0.0,0.0,0.032,0.0,0.06,4.088,0.0,0.0,0.156,0.0,0.0,0.0,0.056,0.0,0.0,0.0,0.0
222,261,0.939443535188216,0.0,0.06055646481178396,0.0,2.444,3.11,7.6,0.0,0.0,0.0,0.004,0.04,0.026,0.0,0.0,0.0,2.296,0.0,0.0,0.0,0.0,0.078,0.0,0.0,0.0,0.0
223,262,0.9871093750000001,0.0,0.009375,0.0035156249999999997,20.48,3.11,63.69,0.0,0.0,0.0,0.0,0.004,0.0,0.0,20.216,0.0,0.0,0.072,0.0,0.0,0.0,0.188,0.0,0.0,0.0,0.0
224,263,0.9500831946755407,0.0,0.026622296173044926,0.02329450915141431,2.404,3.04,7.31,0.0,0.0,0.0,0.0,0.03,0.0,0.0,2.284,0.0,0.0,0.056,0.0,0.0,0.0,0.034,0.0,0.0,0.0,0.0
225,264,0.954033995690687,0.0016758439071103662,0.033995690687096,0.010294469715106534,16.708000000000002,3.08,51.46,0.028,0.0,0.0,0.0,0.248,0.028,0.0,11.5,0.0,4.44,0.112,0.06,0.0,0.0,0.292,0.0,0.0,0.0,0.0
226,265,0.9829311359623308,0.0,0.005885815185403179,0.01118304885226604,6.795999999999999,3.08,20.93,0.0,0.0,0.0,0.0,0.04,0.0,0.0,0.0,0.0,6.68,0.076,0.0,0.0,0.0,0.0,0.0,0.0,0.0,0.0
227,266,0.9827476038338661,0.004472843450479234,0.0006389776357827477,0.012140575079872207,6.26,3.08,19.28,0.0,0.028,0.0,0.0,0.004,0.0,0.0,6.152,0.0,0.0,0.076,0.0,0.0,0.0,0.0,0.0,0.0,0.0,0.0
228,267,0.9633148588017947,0.0,0.03668514119820534,0.0,7.577999999999999,3.11,23.57,0.0,0.0,0.0,0.268,0.01,0.0,0.0,7.3,0.0,0.0,0.0,0.0,0.0,0.0,0.0,0.0,0.0,0.0,0.0
229,268,0.38869863013698636,0.2773972602739726,0.1695205479452055,0.16438356164383564,4.672000000000001,1.75,8.18,0.0,0.0,0.0,0.416,0.112,0.052,0.0,1.816,1.296,0.0,0.072,0.0,0.0,0.0,0.212,0.0,0.0,0.204,0.492
230,269,0.22539334065129896,0.3798024149286498,0.2883278448591292,0.10647639956092209,5.465999999999999,1.17,6.4,0.408,0.244,0.0,0.118,0.352,0.944,0.0,0.0,1.424,1.232,0.04,0.0,0.0,0.0,0.162,0.0,0.0,0.022,0.52
