,ID,Organics_wt_%,Paper_and_cardboard_wt_%,Plastics_wt_%,Non_combust_wt_%,Total_weight (kg),energy_kWh_per_kg,total_energy_kWh,Date,Commercial,Location,commercial,aluminium cans,steel cans,metal other,lpb,paper,pet bottles,plastic bags,flexibles/film,other plastic,glass jars,other organics,textles,ceramics,other,aluminium recyclable,cardboard,nappies,food,hdpe bottles,pp,feminine hygiene,electrical items and peripherals (incl tvs)
0,29,0.652020525978191,0.14742356211246524,0.05676715843489416,0.14378875347444942,37.416,2.45,91.67,2020-11-06,0.0,Port Vila,0.0,0.028,2.324,0.14,0.064,0.66,0.392,0.172,0.312,1.248,0.244,24.396,4.792,0.576,2.068,0.0,0.0,0.0,0.0,0.0,0.0,0.0,0.0
1,30,0.5609597924773022,0.07619974059662775,0.20265888456549935,0.16018158236057067,7.4016,2.24,16.58,2020-11-06,0.0,Port Vila,0.0,0.0,0.408,0.0316,0.0,0.0,0.844,0.156,0.0,0.5,0.332,0.0,0.0,0.0,0.306,0.108,0.564,0.088,4.064,0.0,0.0,0.0,0.0
2,31,0.8587953729557241,0.033639143730886854,0.09852413242919826,0.009041350884190934,30.084,3.03,91.15,2020-11-06,0.0,Port Vila,0.0,0.052,0.0,0.0,0.232,0.672,1.484,0.0,0.78,0.46,0.0,0.0,0.064,0.0,0.128,0.092,0.044,13.876,11.892,0.06,0.18,0.068,0.0
3,32,0.8056308472501531,0.05307335839818135,0.1280930313893504,0.013202762962315295,22.874,2.97,67.94,2020-11-07,0.0,Port Vila,0.0,0.0,0.302,0.0,0.202,0.192,0.884,0.67,1.084,0.256,0.0,0.0,0.82,0.0,0.0,0.0,0.0,4.792,13.636,0.0,0.036,0.0,0.0
4,33,0.7420398433509279,0.06248935807934615,0.09109484079686701,0.10437595777285884,11.746,2.67,31.36,2020-11-07,0.0,Port Vila,0.0,0.032,1.12,0.0,0.0,0.06,0.168,0.156,0.256,0.368,0.0,0.0,0.2,0.03,0.0,0.044,0.474,8.22,0.496,0.122,0.0,0.0,0.0
5,34,0.6306954436450839,0.13026378896882493,0.1801438848920863,0.05889688249400479,20.849999999999998,2.58,53.79,2020-11-07,0.0,Port Vila,0.0,0.0,0.366,0.0,0.0,0.158,0.074,0.0,2.76,0.01,0.0,0.314,0.61,0.0,0.846,0.016,1.948,8.076,4.76,0.912,0.0,0.0,0.0
6,35,0.6200296980696255,0.14923279986800858,0.07960732552384095,0.151130176538525,24.244,2.38,57.7,2020-11-07,0.0,Port Vila,0.0,0.08,1.768,0.0,0.14,0.762,0.288,0.0,1.206,0.434,1.086,4.776,1.664,0.0,0.4,0.33,1.052,10.256,0.0,0.0,0.002,0.0,0.0
7,36,0.23743016759776536,0.11615456238361264,0.21298882681564246,0.4334264432029795,8.591999999999999,0.98,8.42,2020-11-07,0.0,Port Vila,0.0,0.114,0.676,0.0,0.174,0.1,1.34,0.0,0.316,0.174,2.306,0.0,0.0,0.0,0.508,0.12,0.724,0.0,2.04,0.0,0.0,0.0,0.0
8,37,0.24600334049152947,0.4285373419231687,0.18778334526366022,0.1376759723216416,8.382,1.24,10.39,2020-11-07,0.0,Port Vila,0.0,0.028,0.406,0.72,0.052,0.932,0.0,0.0,0.25,1.14,0.0,0.0,2.31,0.0,0.0,0.0,0.298,0.0,2.062,0.116,0.068,0.0,0.0
9,38,0.8454927774730299,0.0874931431705979,0.06335710367526057,0.0036569756811117207,21.876,3.03,66.28,2020-11-07,0.0,Port Vila,0.0,0.0,0.08,0.0,0.654,0.538,0.0,0.0,0.832,0.554,0.0,0.0,0.0,0.0,0.0,0.0,0.722,6.036,12.46,0.0,0.0,0.0,0.0
10,39,0.18078532987841342,0.4175802272274268,0.16165038867849313,0.23998405421566676,10.034,0.89,8.93,2020-11-07,0.0,Port Vila,0.0,0.0,1.724,0.076,1.552,0.358,0.0,0.12,1.18,0.288,0.0,0.0,0.56,0.0,0.584,0.024,1.72,0.0,1.814,0.0,0.034,0.0,0.0
11,40,0.6269616474010564,0.000995177218096915,0.1526448748373268,0.2193983005435199,26.125999999999998,2.26,59.04,2020-11-07,0.0,Port Vila,0.0,0.524,4.0,0.476,0.026,0.0,0.72,0.124,0.476,0.66,0.0,0.0,0.0,0.0,0.0,0.0,0.0,16.38,0.0,0.0,2.008,0.0,0.732
12,41,0.5853549468977082,0.03208496366685299,0.06204583566238121,0.3205142537730576,17.89,2.0,35.78,2020-11-07,0.0,Port Vila,0.0,0.018,0.92,4.306,0.0,0.262,0.25,0.056,0.234,0.57,0.0,0.0,0.0,0.0,0.0,0.004,0.312,2.828,7.644,0.0,0.0,0.0,0.486
13,42,0.6275724717857933,0.11130781146271299,0.11163974330604115,0.14947997344545252,18.076000000000004,2.39,43.2,2020-11-07,0.0,Port Vila,0.0,0.0,0.866,0.496,0.336,0.224,0.052,0.132,0.24,1.248,0.0,0.0,1.204,0.0,0.468,0.01,0.248,5.54,5.804,0.306,0.04,0.0,0.862
14,43,0.7706076307112577,0.02016015073009892,0.13782383419689123,0.07140838436175224,21.23,2.78,59.02,2020-11-07,0.0,Port Vila,0.0,0.0,0.822,0.086,0.0,0.26,1.316,0.0,0.406,1.204,0.0,0.0,0.0,0.0,0.596,0.012,0.168,7.904,8.426,0.0,0.0,0.03,0.0
15,44,0.8325845553954394,0.007289988980249215,0.05238619988132576,0.10773925574298548,23.593999999999998,2.75,64.88,2020-11-07,0.0,Port Vila,0.0,0.074,1.526,0.0,0.172,0.0,0.964,0.0,0.076,0.196,0.942,0.0,0.0,0.0,0.0,0.0,0.0,19.644,0.0,0.0,0.0,0.0,0.0
16,45,0.03230059327620303,0.4383651944627554,0.22478576137112719,0.30454845088991433,3.034,0.17,0.52,2020-11-07,0.0,Port Vila,0.0,0.0,0.554,0.0,0.148,0.024,0.416,0.0,0.152,0.114,0.342,0.0,0.426,0.0,0.0,0.028,0.732,0.098,0.0,0.0,0.0,0.0,0.0
17,46,0.9176081565169468,0.06944061724993111,0.012951226233122072,0.0,7.258,3.1,22.5,2020-11-07,0.0,Port Vila,0.0,0.0,0.0,0.0,0.0,0.004,0.0,0.0,0.064,0.03,0.0,0.0,0.0,0.0,0.0,0.0,0.5,0.0,6.66,0.0,0.0,0.0,0.0
18,47,0.9027862695431914,0.007031181762599353,0.04690365970827146,0.04327888898593763,45.79600000000001,2.97,136.01,2020-11-07,0.0,Port Vila,0.0,0.03,1.952,0.0,0.0,0.0,0.228,1.212,0.652,0.056,0.0,7.128,0.322,0.0,0.0,0.0,0.0,11.096,23.12,0.0,0.0,0.0,0.0
19,48,0.8880303030303031,0.06045454545454544,0.030303030303030304,0.021212121212121213,13.2,3.02,39.86,2020-11-07,0.0,Port Vila,0.0,0.062,0.218,0.0,0.084,0.0,0.136,0.0,0.236,0.028,0.0,1.524,0.0,0.0,0.0,0.0,0.714,4.394,5.804,0.0,0.0,0.0,0.0
20,49,0.9440969040124317,0.002829023389249711,0.030282503884926478,0.022791568713392038,50.194,3.04,152.59,2020-11-07,0.0,Port Vila,0.0,0.0,0.34,0.326,0.0,0.032,0.0,0.812,0.568,0.14,0.0,19.116,0.0,0.478,0.0,0.0,0.11,26.108,2.164,0.0,0.0,0.0,0.0
21,50,0.8718211298856461,0.05359276327018263,0.06024918928144735,0.014336917562724013,11.718,3.03,35.51,2020-11-07,0.0,Port Vila,0.0,0.0,0.12,0.048,0.12,0.046,0.136,0.006,0.278,0.032,0.0,6.884,0.2,0.0,0.0,0.0,0.262,3.332,0.0,0.254,0.0,0.0,0.0
22,51,0.9511522377435715,0.025091200284722844,0.01201174481715455,0.011744817154551118,22.478,3.08,69.23,2020-11-07,0.0,Port Vila,0.0,0.0,0.126,0.0,0.0,0.43,0.112,0.0,0.122,0.036,0.0,0.0,0.0,0.0,0.138,0.0,0.134,0.612,20.768,0.0,0.0,0.0,0.0
23,52,0.0035790980672870437,0.58840372226199,0.30171796707229775,0.10629921259842519,5.588,0.02,0.11,2020-11-07,0.0,Port Vila,0.0,0.0,0.0,0.0,0.0,0.384,1.206,0.0,0.076,0.246,0.0,0.02,2.226,0.0,0.594,0.0,0.678,0.0,0.0,0.146,0.012,0.0,0.0
24,53,0.5269399329724155,0.2461974735756638,0.10775973188966229,0.11910286156225829,7.758,2.23,17.3,2020-11-07,0.0,Port Vila,0.0,0.116,0.688,0.0,0.588,0.7,0.142,0.0,0.376,0.318,0.0,0.0,0.18,0.0,0.12,0.0,0.442,4.088,0.0,0.0,0.0,0.0,0.0
25,54,0.42948547054118896,0.1783524393495068,0.1628898960277259,0.22927219408157823,7.501999999999999,1.8,13.5,2020-11-07,0.0,Port Vila,0.0,0.268,0.898,0.026,0.0,0.898,0.526,0.088,0.292,0.316,0.528,0.0,0.02,0.0,0.0,0.0,0.42,0.0,3.222,0.0,0.0,0.0,0.0
26,55,0.2723953945520921,0.36857624262847516,0.11541701769165964,0.2436113451277731,14.244,1.26,17.95,2020-11-07,0.0,Port Vila,0.0,0.076,1.24,0.724,0.204,0.744,0.174,0.016,0.676,0.55,0.926,0.0,3.924,0.0,0.5,0.004,0.378,0.0,3.88,0.02,0.208,0.0,0.0
27,56,0.9260572515783101,0.01470206693764594,0.023696272593617576,0.035544408890426364,23.125999999999998,3.0,69.38,2020-11-07,0.0,Port Vila,0.0,0.0,0.68,0.0,0.19,0.0,0.218,0.0,0.168,0.162,0.0,18.156,0.0,0.0,0.142,0.0,0.15,3.26,0.0,0.0,0.0,0.0,0.0
28,57,0.4715991843868337,0.2997378386251093,0.20506845324788814,0.023594523740168953,6.866,2.21,15.17,2020-11-07,0.0,Port Vila,0.0,0.07,0.084,0.008,0.026,0.192,0.058,0.316,0.844,0.17,0.0,0.0,0.0,0.0,0.0,0.0,1.84,0.0,3.086,0.02,0.0,0.152,0.0
29,58,0.7119082840236686,0.07618343195266272,0.13295118343195267,0.07895710059171597,10.815999999999999,2.68,28.99,2020-11-07,0.0,Port Vila,0.0,0.0,0.854,0.0,0.0,0.28,0.204,0.196,0.228,0.662,0.0,4.884,0.184,0.0,0.0,0.0,0.36,2.816,0.0,0.148,0.0,0.0,0.0
30,59,0.9932271905251587,0.0,0.005318960320556008,0.001453849154285309,56.402,3.11,175.41,2020-11-07,0.0,Port Vila,0.0,0.0,0.082,0.0,0.0,0.0,0.146,0.0,0.074,0.0,0.0,56.02,0.0,0.0,0.0,0.0,0.0,0.0,0.0,0.08,0.0,0.0,0.0
31,60,0.008875739644970413,0.27120315581854043,0.21942800788954636,0.5004930966469427,4.056,0.04,0.16,2020-11-07,0.0,Port Vila,0.0,0.0,1.168,0.018,0.092,0.332,0.234,0.144,0.372,0.128,0.0,0.0,0.208,0.0,0.0,0.006,0.468,0.0,0.0,0.0,0.012,0.036,0.838
32,61,0.9671810900566518,0.0028651429315621544,0.02930259816370385,0.0006511688480823078,30.714,3.11,95.52,2020-11-07,0.0,Port Vila,0.0,0.02,0.0,0.0,0.068,0.02,0.044,0.092,0.324,0.44,0.0,14.35,0.0,0.0,0.0,0.0,0.0,0.314,15.042,0.0,0.0,0.0,0.0
33,62,0.5569347898047003,0.026150281363786818,0.141012909632572,0.2759020191989407,12.083999999999998,2.03,24.53,2020-11-07,0.0,Port Vila,0.0,0.0,1.744,0.34,0.058,0.04,0.202,0.264,0.704,0.242,1.21,0.0,0.036,0.0,0.0,0.04,0.182,1.92,4.81,0.262,0.03,0.0,0.0
34,63,0.6020151133501259,0.23068849706129302,0.03190596137699413,0.1353904282115869,9.528,2.37,22.58,2020-11-07,0.0,Port Vila,0.0,0.06,0.866,0.0,0.09,0.128,0.07,0.0,0.082,0.152,0.0,0.0,1.938,0.0,0.364,0.0,0.042,0.0,5.736,0.0,0.0,0.0,0.0
35,64,0.13343217197924387,0.13738571781566591,0.4714603409933283,0.25772176921176176,8.094000000000001,0.67,5.42,2020-11-07,0.0,Port Vila,0.0,0.0,0.85,0.0,0.024,0.37,2.892,0.0,0.344,0.46,1.236,0.0,0.0,0.0,0.0,0.0,0.718,0.0,1.08,0.0,0.12,0.0,0.0
36,65,0.8000321362577327,0.0779304250020085,0.06081786775929943,0.061219570980959266,24.894,2.84,70.7,2020-11-07,0.0,Port Vila,0.0,0.118,1.406,0.0,0.08,0.256,0.488,0.04,0.724,0.242,0.0,0.0,0.996,0.0,0.0,0.0,0.608,11.9,7.992,0.0,0.02,0.024,0.0
37,66,0.5676963522839303,0.14114360828130135,0.1717055537298718,0.11945448570489647,12.172000000000002,2.32,28.24,2020-11-08,0.0,Port Vila,0.0,0.162,0.872,0.0,0.226,0.662,0.946,0.0,0.256,0.852,0.37,0.816,0.124,0.0,0.05,0.0,0.706,0.0,6.094,0.028,0.008,0.0,0.0
38,67,0.6890190336749634,0.18262567105905322,0.06120058565153734,0.06715470961444608,20.490000000000002,2.67,54.71,2020-11-08,0.0,Port Vila,0.0,0.168,0.524,0.0,0.1,1.772,0.088,0.0,0.396,0.734,0.0,1.838,0.774,0.0,0.684,0.0,1.096,0.0,12.28,0.0,0.036,0.0,0.0
39,68,0.5622479838709677,0.18119959677419353,0.1950604838709677,0.06149193548387096,7.936,2.41,19.13,2020-11-08,0.0,Port Vila,0.0,0.0,0.466,0.0,0.252,0.626,0.13,0.0,0.508,0.802,0.0,0.0,0.044,0.0,0.0,0.022,0.516,0.0,4.376,0.0,0.108,0.086,0.0
40,69,0.8683421720083008,0.0909614941203597,0.015909614941203597,0.02478671893013604,17.348,3.0,52.04,2020-11-08,0.0,Port Vila,0.0,0.0,0.43,0.0,0.0,0.066,0.0,0.02,0.182,0.074,0.0,0.0,0.204,0.0,0.0,0.0,1.308,0.304,14.76,0.0,0.0,0.0,0.0
41,70,0.6841924987155333,0.06593594793629046,0.21664668607638296,0.033224867271793114,11.677999999999999,2.74,32.0,2020-11-08,0.0,Port Vila,0.0,0.018,0.37,0.0,0.382,0.182,0.996,0.304,0.448,0.768,0.0,0.146,0.206,0.0,0.0,0.0,0.0,4.396,3.448,0.0,0.014,0.0,0.0
42,71,0.7326298701298701,0.19139610389610387,0.07597402597402597,0.0,12.32,2.9,35.73,2020-11-08,0.0,Port Vila,0.0,0.0,0.0,0.0,0.356,0.482,0.11,0.0,0.436,0.29,0.0,0.0,0.0,0.0,0.0,0.0,1.52,0.0,9.01,0.1,0.0,0.016,0.0
43,72,0.7566769957208205,0.08100929614873838,0.15655894938763465,0.005754758742806552,13.553999999999998,2.92,39.58,2020-11-08,0.0,Port Vila,0.0,0.0,0.0,0.0,0.0,0.356,0.13,0.694,0.344,0.106,0.0,0.0,0.742,0.0,0.0,0.078,0.0,5.082,5.166,0.848,0.0,0.008,0.0
44,73,0.8153434433541482,0.05031222123104371,0.11248884924174844,0.021855486173059768,22.42,2.96,66.36,2020-11-08,0.0,Port Vila,0.0,0.0,0.49,0.0,0.136,0.164,1.552,0.0,0.852,0.074,0.0,0.0,0.0,0.0,0.0,0.0,0.828,11.264,7.016,0.044,0.0,0.0,0.0
45,74,0.0,0.14017094017094017,0.26495726495726496,0.5948717948717949,1.1700000000000002,0.0,0.0,2020-11-08,0.0,Port Vila,0.0,0.008,0.384,0.0,0.0,0.0,0.01,0.034,0.054,0.204,0.0,0.0,0.164,0.0,0.304,0.0,0.0,0.0,0.0,0.0,0.008,0.0,0.0
46,75,0.24251142325266545,0.3010661702487731,0.2558808597055339,0.2005415467930276,11.818,1.18,13.95,2020-11-08,0.0,Port Vila,0.0,0.546,0.656,0.0,1.046,1.304,0.76,0.0,1.428,0.836,0.0,0.0,0.04,0.732,0.0,0.436,1.168,0.0,1.874,0.0,0.0,0.992,0.0
47,76,0.9058266224538134,0.0452865940312648,0.02245381335859782,0.02643297015632402,21.11,3.02,63.75,2020-11-08,0.0,Port Vila,0.0,0.0,0.0,0.0,0.176,0.178,0.0,0.224,0.124,0.126,0.558,18.6,0.0,0.0,0.0,0.0,0.602,0.0,0.522,0.0,0.0,0.0,0.0
48,77,0.8033782000527844,0.08181578252837161,0.10662443916600686,0.00818157825283716,15.156,2.98,45.16,2020-11-08,0.0,Port Vila,0.0,0.032,0.092,0.0,0.17,0.55,0.712,0.22,0.592,0.092,0.0,0.0,0.0,0.0,0.0,0.0,0.52,4.684,7.492,0.0,0.0,0.0,0.0
49,78,0.8846960167714885,0.023992546005124623,0.059282552993244815,0.03202888423014209,17.172,2.99,51.34,2020-11-08,0.0,Port Vila,0.0,0.092,0.126,0.0,0.0,0.322,0.6,0.0,0.22,0.06,0.0,4.568,0.0,0.0,0.332,0.0,0.09,0.384,10.24,0.078,0.06,0.0,0.0
50,79,0.0,0.05578635014836794,0.3347181008902077,0.6094955489614243,1.685,0.0,0.0,2020-11-09,0.0,Shefa Rural,0.0,0.0,0.489,0.0,0.0,0.044,0.33,0.031,0.116,0.033,0.414,0.0,0.0,0.0,0.124,0.0,0.05,0.0,0.0,0.0,0.054,0.0,0.0
51,80,0.5878765703134529,0.11269667032564946,0.17075253079643862,0.12867422856445906,8.199,2.35,19.27,2020-11-09,0.0,Shefa Rural,0.0,0.072,0.248,0.632,0.122,0.076,0.0,0.0,0.217,1.183,0.0,0.0,0.0,0.0,0.103,0.0,0.726,4.82,0.0,0.0,0.0,0.0,0.0
52,81,0.8542009884678746,0.03850906095551893,0.05168863261943985,0.05560131795716638,4.856,2.9,14.08,2020-11-09,0.0,Shefa Rural,0.0,0.0,0.197,0.073,0.042,0.037,0.042,0.0,0.201,0.0,0.0,0.654,0.0,0.0,0.0,0.0,0.108,3.494,0.0,0.0,0.008,0.0,0.0
53,82,0.0,0.4758128469468675,0.08723235527359237,0.43695479777953994,1.2610000000000001,0.0,0.0,2020-11-09,0.0,Shefa Rural,0.0,0.0,0.551,0.0,0.0,0.0,0.0,0.0,0.1,0.0,0.0,0.0,0.533,0.0,0.0,0.0,0.067,0.0,0.0,0.0,0.01,0.0,0.0
54,83,0.7128993125758188,0.08855640921957138,0.13040841083704005,0.06813586736756976,4.946,2.71,13.4,2020-11-09,0.0,Shefa Rural,0.0,0.0,0.337,0.0,0.038,0.211,0.276,0.0,0.306,0.048,0.0,0.0,0.0,0.0,0.0,0.0,0.189,3.526,0.0,0.0,0.015,0.0,0.0
55,84,0.35759442373156103,0.2781650186415951,0.12579024153023183,0.23845031609661213,6.169000000000001,1.57,9.69,2020-11-09,0.0,Shefa Rural,0.0,0.0,1.247,0.0,0.072,0.204,0.06,0.0,0.0,0.716,0.0,2.206,0.107,0.0,0.0,0.224,1.333,0.0,0.0,0.0,0.0,0.0,0.0
56,85,0.7058823529411765,0.0,0.1645979492714517,0.12951969778737182,1.8530000000000002,2.56,4.74,2020-11-09,0.0,Shefa Rural,0.0,0.0,0.24,0.0,0.0,0.0,0.189,0.0,0.0,0.116,0.0,1.308,0.0,0.0,0.0,0.0,0.0,0.0,0.0,0.0,0.0,0.0,0.0
57,86,0.694109297374024,0.15188076650106458,0.1540099361249113,0.0,1.409,2.83,3.99,2020-11-09,0.0,Shefa Rural,0.0,0.0,0.0,0.0,0.0,0.007,0.188,0.0,0.029,0.0,0.0,0.978,0.207,0.0,0.0,0.0,0.0,0.0,0.0,0.0,0.0,0.0,0.0
58,87,0.23584565452578438,0.5196538045438155,0.16949152542372883,0.0750090155066715,2.773,1.24,3.44,2020-11-09,0.0,Shefa Rural,0.0,0.025,0.078,0.105,0.0,0.096,0.24,0.0,0.164,0.026,0.0,0.0,0.891,0.0,0.0,0.0,0.454,0.0,0.654,0.04,0.0,0.0,0.0
59,88,0.0,0.06018107580330197,0.2582993076513403,0.6815196165453578,5.632999999999999,0.0,0.0,2020-11-09,0.0,Shefa Rural,0.0,0.017,1.694,0.0,0.0,0.154,1.168,0.0,0.176,0.076,1.69,0.0,0.185,0.438,0.0,0.0,0.0,0.0,0.0,0.035,0.0,0.0,0.0
60,89,0.8218125960061443,0.0,0.0336844415185429,0.1445029624753127,9.114,2.65,24.15,2020-11-09,0.0,Shefa Rural,0.0,0.0,1.142,0.0,0.0,0.0,0.0,0.0,0.0,0.039,0.175,0.0,0.0,0.0,0.0,0.0,0.0,7.49,0.0,0.268,0.0,0.0,0.0
61,90,0.8971225857311785,0.0,0.011430823807646826,0.09144659046117462,10.148,2.83,28.72,2020-11-09,0.0,Shefa Rural,0.0,0.014,0.744,0.0,0.0,0.0,0.052,0.0,0.064,0.0,0.17,0.0,0.0,0.0,0.0,0.0,0.0,9.104,0.0,0.0,0.0,0.0,0.0
62,91,0.9169233365680773,0.06299312265305261,0.01763638665035231,0.002447154128517784,23.701,3.09,73.24,2020-11-09,0.0,Shefa Rural,0.0,0.027,0.0,0.0,0.0,0.126,0.266,0.0,0.152,0.0,0.0,0.0,1.367,0.0,0.031,0.0,0.0,21.732,0.0,0.0,0.0,0.0,0.0
63,92,0.3163294937566547,0.19852870002903883,0.32058851998838445,0.164553286225922,10.331,1.5,15.5,2020-11-09,0.0,Shefa Rural,0.0,0.03,0.0,0.0,0.0,0.76,0.303,0.78,1.03,0.973,0.0,1.308,0.788,0.0,1.67,0.0,0.503,1.252,0.708,0.0,0.226,0.0,0.0
64,93,0.26756897449245187,0.03709005726184279,0.09695471108797502,0.5983862571577303,7.683999999999998,0.95,7.3,2020-11-09,0.0,Shefa Rural,0.0,0.0,4.598,0.0,0.018,0.0,0.132,0.0,0.148,0.441,0.0,2.056,0.255,0.0,0.0,0.0,0.012,0.0,0.0,0.024,0.0,0.0,0.0
65,94,0.9474694525453137,0.001845767654767618,0.045885783897522986,0.004798995902395807,27.089,3.1,83.98,2020-11-09,0.0,Shefa Rural,0.0,0.0,0.13,0.0,0.05,0.0,0.132,0.802,0.309,0.0,0.0,0.0,0.0,0.0,0.0,0.0,0.0,25.666,0.0,0.0,0.0,0.0,0.0
66,95,0.23151571164510165,0.0,0.032116451016635864,0.7363678373382624,8.655999999999999,0.75,6.49,2020-11-09,0.0,Shefa Rural,0.0,0.0,5.308,0.0,0.0,0.0,0.18,0.0,0.0,0.098,1.066,2.004,0.0,0.0,0.0,0.0,0.0,0.0,0.0,0.0,0.0,0.0,0.0
67,96,0.8717073170731707,0.048048780487804886,0.07707317073170733,0.0031707317073170734,4.1,3.06,12.55,2020-11-09,0.0,Shefa Rural,0.0,0.013,0.0,0.0,0.0,0.0,0.05,0.0,0.047,0.219,0.0,3.574,0.161,0.0,0.0,0.0,0.036,0.0,0.0,0.0,0.0,0.0,0.0
68,97,0.0,0.6678306416412048,0.09122653862941948,0.24094281972937584,2.2910000000000004,0.0,0.0,2020-11-09,0.0,Shefa Rural,0.0,0.0,0.046,0.0,0.037,1.322,0.0,0.14,0.034,0.035,0.0,0.0,0.141,0.0,0.244,0.0,0.03,0.0,0.0,0.0,0.0,0.0,0.262
69,98,0.44831880448318806,0.07347447073474471,0.14321295143212953,0.3349937733499378,0.803,1.7,1.37,2020-11-09,0.0,Shefa Rural,0.0,0.086,0.183,0.0,0.0,0.0,0.07,0.0,0.045,0.0,0.0,0.264,0.038,0.0,0.0,0.0,0.021,0.096,0.0,0.0,0.0,0.0,0.0
70,99,0.9640062597809076,0.026604068857589987,0.009389671361502348,0.0,0.639,3.11,1.99,2020-11-09,0.0,Shefa Rural,0.0,0.0,0.0,0.0,0.0,0.017,0.0,0.0,0.006,0.0,0.0,0.616,0.0,0.0,0.0,0.0,0.0,0.0,0.0,0.0,0.0,0.0,0.0
71,100,0.8793766444039668,0.03744181339809755,0.05504958510422992,0.02813195709370573,4.941,3.0,14.82,2020-11-09,0.0,Shefa Rural,0.0,0.0,0.0,0.0,0.0,0.0,0.159,0.0,0.087,0.0,0.0,3.877,0.0,0.0,0.139,0.0,0.185,0.468,0.0,0.0,0.026,0.0,0.0
72,101,0.9165773490532333,0.011254019292604504,0.02697391925687746,0.04519471239728475,5.597999999999999,2.97,16.63,2020-11-09,0.0,Shefa Rural,0.0,0.049,0.204,0.0,0.033,0.0,0.086,0.0,0.038,0.027,0.0,5.116,0.012,0.0,0.0,0.0,0.018,0.015,0.0,0.0,0.0,0.0,0.0
73,102,0.8946015424164525,0.04498714652956298,0.02493573264781491,0.035475578406169675,7.78,2.99,23.26,2020-11-09,0.0,Shefa Rural,0.0,0.01,0.233,0.0,0.068,0.105,0.135,0.0,0.056,0.0,0.0,6.96,0.096,0.0,0.033,0.0,0.081,0.0,0.0,0.0,0.003,0.0,0.0
74,103,0.9415266106442576,0.030462184873949576,0.021358543417366944,0.006652661064425769,2.856,3.09,8.83,2020-11-09,0.0,Shefa Rural,0.0,0.0,0.018,0.0,0.0,0.0,0.016,0.016,0.023,0.006,0.0,2.689,0.0,0.0,0.0,0.001,0.087,0.0,0.0,0.0,0.0,0.0,0.0
75,104,0.9405005107252298,0.0,0.0362614913176711,0.02323799795709908,3.916,3.04,11.9,2020-11-09,0.0,Shefa Rural,0.0,0.0,0.054,0.0,0.0,0.0,0.028,0.0,0.044,0.07,0.0,3.683,0.0,0.0,0.037,0.0,0.0,0.0,0.0,0.0,0.0,0.0,0.0
76,105,0.7931298240734302,0.07565537862457408,0.0679368611362214,0.06327793616577428,14.381,2.83,40.7,2020-11-09,0.0,Shefa Rural,0.0,0.0,0.255,0.099,0.0,0.691,0.563,0.0,0.206,0.174,0.352,11.406,0.043,0.0,0.204,0.0,0.354,0.0,0.0,0.0,0.034,0.0,0.0
77,106,0.8869964855366315,0.0788050824547175,0.024195728575290617,0.010002703433360367,7.398,3.05,22.56,2020-11-09,0.0,Shefa Rural,0.0,0.0,0.071,0.0,0.0,0.085,0.019,0.0,0.064,0.096,0.0,6.562,0.05,0.0,0.0,0.003,0.448,0.0,0.0,0.0,0.0,0.0,0.0
78,107,0.9133395233673784,0.0263076446920458,0.04085422469823584,0.01949860724233983,12.924,3.04,39.29,2020-11-09,0.0,Shefa Rural,0.0,0.0,0.161,0.0,0.0,0.046,0.17,0.0,0.11,0.228,0.0,11.804,0.0,0.091,0.0,0.0,0.294,0.0,0.0,0.011,0.009,0.0,0.0
79,108,0.8711406321575813,0.044571690334402204,0.05139715987173614,0.032890517636280356,21.830000000000002,2.98,65.05,2020-11-09,0.0,Shefa Rural,0.0,0.015,0.538,0.109,0.014,0.146,0.708,0.0,0.344,0.053,0.0,18.338,0.021,0.0,0.056,0.0,0.792,0.581,0.0,0.0,0.017,0.098,0.0
80,109,0.8038172141677372,0.03034195876919312,0.16388328133602495,0.0019575457270447176,16.346999999999998,2.99,48.88,2020-11-09,0.0,Shefa Rural,0.0,0.0,0.018,0.0,0.0,0.04,2.164,0.0,0.339,0.164,0.0,13.14,0.333,0.0,0.0,0.014,0.123,0.0,0.0,0.0,0.012,0.0,0.0
81,110,0.43228148561854235,0.11547053895559901,0.1387880480312762,0.3134599273945825,7.162000000000001,1.69,12.1,2020-11-09,0.0,Shefa Rural,0.0,0.069,1.748,0.0,0.0,0.031,0.25,0.027,0.512,0.205,0.41,2.872,0.034,0.0,0.014,0.004,0.762,0.224,0.0,0.0,0.0,0.0,0.0
82,111,1.0,0.0,0.0,0.0,15.092,3.12,47.09,2020-11-09,0.0,Shefa Rural,0.0,0.0,0.0,0.0,0.0,0.0,0.0,0.0,0.0,0.0,0.0,0.0,0.0,0.0,0.0,0.0,0.0,15.092,0.0,0.0,0.0,0.0,0.0
83,112,1.0,0.0,0.0,0.0,13.124,3.12,40.95,2020-11-09,0.0,Shefa Rural,0.0,0.0,0.0,0.0,0.0,0.0,0.0,0.0,0.0,0.0,0.0,0.0,0.0,0.0,0.0,0.0,0.0,13.124,0.0,0.0,0.0,0.0,0.0
84,113,0.6878108724910762,0.12288606706068232,0.03399847855345544,0.15530458189478613,17.089,2.48,42.38,2020-11-14,0.0,Ifira Island,0.0,0.081,0.88,0.0,0.025,0.199,0.19,0.0,0.13,0.179,1.17,0.304,1.876,0.0,0.523,0.0,0.0,11.45,0.0,0.026,0.056,0.0,0.0
85,114,0.7221034383126265,0.03935278821149957,0.013926610806125398,0.2246171626697486,17.305000000000003,2.37,41.01,2020-11-14,0.0,Ifira Island,0.0,0.131,0.636,0.967,0.0,0.681,0.127,0.0,0.082,0.032,1.64,0.0,0.0,0.436,0.077,0.0,0.0,12.496,0.0,0.0,0.0,0.0,0.0
86,115,0.7469298576056658,0.004897159647404507,0.05077977849770211,0.19739320424922777,13.273,2.46,32.65,2020-11-14,0.0,Ifira Island,0.0,0.114,2.506,0.0,0.049,0.0,0.598,0.0,0.067,0.009,0.0,0.004,0.016,0.0,0.0,0.0,0.0,9.91,0.0,0.0,0.0,0.0,0.0
87,116,0.7059970745977571,0.058020477815699655,0.18186250609458798,0.054119941491955134,2.0509999999999997,2.73,5.6,2020-11-14,0.0,Ifira Island,0.0,0.0,0.102,0.0,0.0,0.01,0.019,0.045,0.073,0.105,0.0,0.0,0.0,0.0,0.0,0.009,0.109,1.299,0.149,0.131,0.0,0.0,0.0
88,117,0.017933198834342075,0.3073301950235373,0.2698946424568482,0.40484196368527237,4.461,0.09,0.4,2020-11-14,0.0,Ifira Island,0.0,0.01,1.56,0.135,0.0,0.0,0.08,0.449,0.123,0.383,0.0,0.08,0.968,0.0,0.101,0.0,0.403,0.0,0.0,0.169,0.0,0.0,0.0
89,118,0.7189783953096136,0.0,0.03349128584049474,0.2475303188498916,12.450999999999999,2.32,28.89,2020-11-14,0.0,Ifira Island,0.0,0.268,0.798,0.475,0.0,0.0,0.146,0.0,0.0,0.16,1.159,0.0,0.0,0.0,0.382,0.0,0.0,8.952,0.0,0.08,0.031,0.0,0.0
90,119,0.10046439628482973,0.2660990712074303,0.47708978328173374,0.1563467492260062,6.460000000000001,0.55,3.55,2020-11-14,0.0,Ifira Island,0.0,0.0,0.388,0.0,0.009,0.775,0.198,0.012,2.007,0.865,0.316,0.363,0.392,0.0,0.306,0.0,0.543,0.0,0.286,0.0,0.0,0.0,0.0
91,120,0.3790175864160097,0.01056917612405787,0.1809754829766958,0.42943775448323657,11.542999999999997,1.41,16.28,2020-11-14,0.0,Ifira Island,0.0,0.029,2.292,0.379,0.0,0.122,0.876,0.081,0.91,0.222,0.262,0.0,0.0,1.122,0.808,0.0,0.0,4.22,0.155,0.0,0.0,0.0,0.065
92,121,0.020168936390277538,0.3699362178934666,0.23013273573521806,0.37976210998103777,5.801000000000001,0.1,0.58,2020-11-14,0.0,Ifira Island,0.0,0.017,1.83,0.0,0.0,0.618,0.658,0.131,0.324,0.113,0.0,0.117,1.477,0.0,0.251,0.047,0.051,0.0,0.0,0.106,0.003,0.0,0.058
93,122,0.06437402302117379,0.0,0.14324285917294302,0.7923831178058831,7.037000000000001,0.23,1.62,2020-11-14,0.0,Ifira Island,0.0,0.346,3.842,0.0,0.0,0.0,0.814,0.006,0.024,0.164,0.751,0.09,0.0,0.0,0.0,0.0,0.0,0.363,0.0,0.0,0.0,0.0,0.637
94,126,0.31926683716965043,0.05541346973572037,0.15089514066496165,0.4744245524296675,4.691999999999999,1.2,5.63,2020-11-15,0.0,Lelepa,0.0,0.05,1.87,0.0,0.0,0.102,0.648,0.0,0.05,0.01,0.306,0.22,0.0,0.0,0.0,0.0,0.158,1.278,0.0,0.0,0.0,0.0,0.0
95,127,0.0,0.0,0.017930519237952934,0.982069480762047,5.354,0.0,0.0,2020-11-15,0.0,Lelepa,0.0,0.0,4.672,0.0,0.0,0.0,0.096,0.0,0.0,0.0,0.0,0.0,0.0,0.586,0.0,0.0,0.0,0.0,0.0,0.0,0.0,0.0,0.0
96,128,0.3051470588235294,0.029411764705882353,0.3860294117647059,0.2794117647058823,1.088,1.35,1.47,2020-11-15,0.0,Lelepa,0.0,0.056,0.248,0.0,0.0,0.004,0.162,0.0,0.14,0.1,0.0,0.332,0.0,0.0,0.0,0.0,0.028,0.0,0.0,0.018,0.0,0.0,0.0
97,129,0.6391437308868501,0.3241590214067278,0.03669724770642202,0.0,0.6539999999999999,2.71,1.77,2020-11-15,0.0,Lelepa,0.0,0.0,0.0,0.0,0.03,0.182,0.0,0.0,0.024,0.0,0.0,0.0,0.0,0.0,0.0,0.0,0.0,0.0,0.418,0.0,0.0,0.0,0.0
98,130,0.845841784989858,0.04665314401622718,0.08823529411764706,0.019269776876267748,3.944,2.99,11.79,2020-11-15,0.0,Lelepa,0.0,0.0,0.076,0.0,0.088,0.07,0.232,0.0,0.066,0.008,0.0,0.0,0.0,0.0,0.0,0.0,0.026,0.582,2.754,0.0,0.042,0.0,0.0
99,131,0.0,0.045112781954887216,0.46616541353383456,0.48872180451127817,0.266,0.0,0.0,2020-11-15,0.0,Lelepa,0.0,0.0,0.082,0.0,0.0,0.012,0.124,0.0,0.0,0.0,0.0,0.0,0.0,0.0,0.048,0.0,0.0,0.0,0.0,0.0,0.0,0.0,0.0
100,132,0.0,0.11363636363636365,0.8181818181818181,0.06818181818181819,0.176,0.0,0.0,2020-11-15,0.0,Lelepa,0.0,0.0,0.012,0.0,0.0,0.0,0.046,0.0,0.046,0.052,0.0,0.0,0.0,0.0,0.0,0.0,0.02,0.0,0.0,0.0,0.0,0.0,0.0
101,133,0.8628389154704943,0.022328548644338114,0.07017543859649121,0.04465709728867623,1.254,2.94,3.69,2020-11-15,0.0,Lelepa,0.0,0.056,0.0,0.0,0.028,0.0,0.05,0.0,0.03,0.008,0.0,0.0,0.0,0.0,0.0,0.0,0.0,0.0,1.082,0.0,0.0,0.0,0.0
102,134,0.7094474153297683,0.0,0.2638146167557932,0.0267379679144385,1.1219999999999999,2.8,3.14,2020-11-15,0.0,Lelepa,0.0,0.03,0.0,0.0,0.0,0.0,0.192,0.046,0.04,0.0,0.0,0.044,0.0,0.0,0.0,0.0,0.0,0.0,0.752,0.018,0.0,0.0,0.0
103,135,0.8581771720613287,0.11839863713798977,0.02342419080068143,0.0,4.696000000000001,3.06,14.37,2020-11-15,0.0,Lelepa,0.0,0.0,0.0,0.0,0.0,0.02,0.0,0.0,0.044,0.066,0.0,0.0,0.508,0.0,0.0,0.0,0.028,0.0,4.03,0.0,0.0,0.0,0.0
104,136,0.0,0.0,0.17052631578947366,0.8294736842105263,0.95,0.0,0.0,2020-11-15,0.0,Lelepa,0.0,0.0,0.344,0.0,0.0,0.0,0.122,0.0,0.028,0.012,0.444,0.0,0.0,0.0,0.0,0.0,0.0,0.0,0.0,0.0,0.0,0.0,0.0
105,137,0.0,0.22026431718061676,0.5770925110132159,0.2026431718061674,0.454,0.0,0.0,2020-11-15,0.0,Lelepa,0.0,0.0,0.092,0.0,0.1,0.0,0.236,0.0,0.026,0.0,0.0,0.0,0.0,0.0,0.0,0.0,0.0,0.0,0.0,0.0,0.0,0.0,0.0
106,138,0.31529017857142855,0.003348214285714286,0.19977678571428573,0.48158482142857145,3.584,1.18,4.23,2020-11-15,0.0,Lelepa,0.0,0.066,0.986,0.0,0.0,0.012,0.046,0.0,0.43,0.07,0.674,0.0,0.0,0.0,0.0,0.0,0.0,1.13,0.0,0.17,0.0,0.0,0.0
107,139,0.9065915866180855,0.0,0.0091089764822789,0.08429943689963564,12.076,2.85,34.42,2020-11-15,0.0,Lelepa,0.0,0.0,0.678,0.0,0.0,0.0,0.11,0.0,0.0,0.0,0.34,0.0,0.0,0.0,0.0,0.0,0.0,10.948,0.0,0.0,0.0,0.0,0.0
108,140,0.0,0.1099195710455764,0.7801608579088471,0.1099195710455764,0.746,0.0,0.0,2020-11-15,0.0,Lelepa,0.0,0.082,0.0,0.0,0.026,0.0,0.188,0.0,0.096,0.274,0.0,0.0,0.0,0.0,0.0,0.0,0.056,0.0,0.0,0.0,0.024,0.0,0.0
109,141,0.9453227931488801,0.007905138339920948,0.021080368906455864,0.025691699604743084,3.036,3.03,9.2,2020-11-15,0.0,Lelepa,0.0,0.0,0.078,0.0,0.0,0.024,0.024,0.0,0.03,0.0,0.0,2.87,0.0,0.0,0.0,0.0,0.0,0.0,0.0,0.0,0.01,0.0,0.0
110,142,0.45679012345679015,0.24074074074074076,0.14197530864197533,0.16049382716049382,0.972,1.97,1.91,2020-11-15,0.0,Lelepa,0.0,0.032,0.124,0.0,0.0,0.0,0.092,0.0,0.046,0.0,0.0,0.0,0.234,0.0,0.0,0.0,0.0,0.444,0.0,0.0,0.0,0.0,0.0
111,143,0.9214145383104126,0.0,0.049115913555992145,0.029469548133595286,3.0540000000000003,3.01,9.19,2020-11-15,0.0,Lelepa,0.0,0.0,0.09,0.0,0.0,0.0,0.102,0.0,0.048,0.0,0.0,0.934,0.0,0.0,0.0,0.0,0.0,0.0,1.88,0.0,0.0,0.0,0.0
112,144,0.8743480322427691,0.02038880986249407,0.017543859649122806,0.08771929824561403,4.218,2.83,11.94,2020-11-15,0.0,Lelepa,0.0,0.0,0.126,0.0,0.086,0.0,0.0,0.0,0.036,0.038,0.0,0.0,0.0,0.244,0.0,0.0,0.0,3.688,0.0,0.0,0.0,0.0,0.0
113,145,0.9725799750727047,0.0,0.02742002492729539,0.0,4.814,3.12,15.02,2020-11-15,0.0,Lelepa,0.0,0.0,0.0,0.0,0.0,0.0,0.0,0.0,0.014,0.0,0.0,0.0,0.0,0.0,0.0,0.0,0.0,4.682,0.0,0.118,0.0,0.0,0.0
114,146,0.7123015873015872,0.0,0.28769841269841273,0.0,1.008,2.86,2.88,2020-11-15,0.0,Lelepa,0.0,0.0,0.0,0.0,0.0,0.0,0.16,0.0,0.096,0.008,0.0,0.0,0.0,0.0,0.0,0.0,0.0,0.718,0.0,0.026,0.0,0.0,0.0
115,147,0.0,0.10943396226415095,0.4490566037735849,0.4415094339622641,0.53,0.0,0.0,2020-11-15,0.0,Lelepa,0.0,0.158,0.076,0.0,0.0,0.058,0.116,0.0,0.024,0.098,0.0,0.0,0.0,0.0,0.0,0.0,0.0,0.0,0.0,0.0,0.0,0.0,0.0
116,148,0.676,0.0075,0.056,0.26049999999999995,4.0,2.24,8.96,2020-11-15,0.0,Lelepa,0.0,0.0,0.69,0.0,0.03,0.0,0.09,0.036,0.08,0.018,0.352,0.0,0.0,0.0,0.0,0.0,0.0,0.214,2.49,0.0,0.0,0.0,0.0
117,149,0.4787234042553192,0.07872340425531915,0.44255319148936173,0.0,0.94,2.27,2.13,2020-11-15,0.0,Lelepa,0.0,0.0,0.0,0.0,0.052,0.022,0.0,0.0,0.228,0.114,0.0,0.0,0.0,0.0,0.0,0.0,0.0,0.0,0.45,0.074,0.0,0.0,0.0
118,150,0.8767772511848342,0.0,0.014218009478672987,0.10900473933649289,0.844,2.77,2.34,2020-11-16,0.0,Lelepa,0.0,0.0,0.092,0.0,0.0,0.0,0.0,0.0,0.0,0.012,0.0,0.0,0.0,0.0,0.0,0.0,0.0,0.0,0.74,0.0,0.0,0.0,0.0
119,151,0.0,0.39183673469387753,0.6081632653061225,0.0,0.49,0.0,0.0,2020-11-15,0.0,Lelepa,0.0,0.0,0.0,0.0,0.034,0.0,0.196,0.0,0.036,0.066,0.0,0.0,0.0,0.0,0.0,0.0,0.158,0.0,0.0,0.0,0.0,0.0,0.0
120,152,0.055632823365785816,0.06397774687065369,0.35605006954102925,0.5243393602225314,1.4380000000000002,0.25,0.36,2020-11-15,0.0,Lelepa,0.0,0.0,0.016,0.0,0.0,0.006,0.0,0.0,0.494,0.018,0.738,0.08,0.0,0.0,0.0,0.0,0.086,0.0,0.0,0.0,0.0,0.0,0.0
121,153,0.0,0.6111111111111112,0.38888888888888895,0.0,0.072,0.0,0.0,2020-11-15,0.0,Lelepa,0.0,0.0,0.0,0.0,0.024,0.02,0.0,0.0,0.028,0.0,0.0,0.0,0.0,0.0,0.0,0.0,0.0,0.0,0.0,0.0,0.0,0.0,0.0
122,154,0.6150341685649202,0.22854973424449504,0.0926347760060744,0.06378132118451024,2.6340000000000003,2.53,6.66,2020-11-15,0.0,Lelepa,0.0,0.0,0.168,0.0,0.284,0.168,0.11,0.0,0.1,0.034,0.0,0.0,0.0,0.0,0.0,0.0,0.15,0.0,1.62,0.0,0.0,0.0,0.0
123,155,0.21428571428571427,0.11111111111111112,0.6746031746031746,0.0,0.252,1.19,0.3,2020-11-15,0.0,Lelepa,0.0,0.0,0.0,0.0,0.0,0.028,0.0,0.0,0.138,0.032,0.0,0.054,0.0,0.0,0.0,0.0,0.0,0.0,0.0,0.0,0.0,0.0,0.0
124,156,0.4645760743321719,0.0,0.11033681765389083,0.4250871080139373,1.722,1.61,2.77,2020-11-15,0.0,Lelepa,0.0,0.0,0.382,0.0,0.0,0.0,0.152,0.0,0.038,0.0,0.35,0.8,0.0,0.0,0.0,0.0,0.0,0.0,0.0,0.0,0.0,0.0,0.0
125,157,0.0,0.0,0.001757469244288225,0.9982425307557118,4.552,0.0,0.0,2020-11-15,0.0,Lelepa,0.0,0.0,4.544,0.0,0.0,0.0,0.0,0.0,0.008,0.0,0.0,0.0,0.0,0.0,0.0,0.0,0.0,0.0,0.0,0.0,0.0,0.0,0.0
126,158,0.0,0.0,0.008503401360544218,0.9914965986394558,1.176,0.0,0.0,2020-11-15,0.0,Lelepa,0.0,0.144,1.022,0.0,0.0,0.0,0.0,0.0,0.0,0.0,0.0,0.0,0.0,0.0,0.0,0.0,0.0,0.0,0.0,0.0,0.01,0.0,0.0
127,159,0.0,0.22811059907834103,0.771889400921659,0.0,1.7360000000000002,0.0,0.0,2020-11-15,0.0,Lelepa,0.0,0.0,0.0,0.0,0.198,0.09,0.998,0.0,0.126,0.166,0.0,0.0,0.036,0.0,0.0,0.0,0.072,0.0,0.0,0.0,0.05,0.0,0.0
128,160,0.0,0.0,0.27586206896551724,0.7241379310344828,0.232,0.0,0.0,2020-11-15,0.0,Lelepa,0.0,0.0,0.168,0.0,0.0,0.0,0.064,0.0,0.0,0.0,0.0,0.0,0.0,0.0,0.0,0.0,0.0,0.0,0.0,0.0,0.0,0.0,0.0
129,161,0.9022517911975435,0.01330603889457523,0.04298874104401228,0.04145342886386899,3.908,2.97,11.61,2020-11-15,0.0,Lelepa,0.0,0.0,0.162,0.0,0.0,0.03,0.03,0.044,0.094,0.0,0.0,3.526,0.0,0.0,0.0,0.0,0.022,0.0,0.0,0.0,0.0,0.0,0.0
130,162,0.8468309859154929,0.09448356807511736,0.05868544600938966,0.0,3.408,3.05,10.39,2020-11-15,0.0,Lelepa,0.0,0.0,0.0,0.0,0.0,0.228,0.104,0.0,0.036,0.06,0.0,2.886,0.076,0.0,0.0,0.0,0.018,0.0,0.0,0.0,0.0,0.0,0.0
131,163,0.5835294117647059,0.1388235294117647,0.2776470588235294,0.0,0.85,2.58,2.19,2020-11-15,0.0,Lelepa,0.0,0.0,0.0,0.0,0.0,0.034,0.0,0.0,0.174,0.062,0.0,0.0,0.0,0.0,0.0,0.0,0.084,0.0,0.496,0.0,0.0,0.0,0.0
132,164,0.06455696202531645,0.0,0.43417721518987334,0.5012658227848101,1.58,0.29,0.46,2020-11-15,0.0,Lelepa,0.0,0.0,0.736,0.0,0.0,0.0,0.0,0.0,0.438,0.248,0.0,0.102,0.0,0.0,0.026,0.03,0.0,0.0,0.0,0.0,0.0,0.0,0.0
133,165,0.0,0.0,0.3181818181818182,0.6818181818181819,0.792,0.0,0.0,2020-11-15,0.0,Lelepa,0.0,0.0,0.54,0.0,0.0,0.0,0.216,0.0,0.0,0.036,0.0,0.0,0.0,0.0,0.0,0.0,0.0,0.0,0.0,0.0,0.0,0.0,0.0
134,166,0.0,0.13216957605985036,0.683291770573566,0.1845386533665835,1.604,0.0,0.0,2020-11-13,0.0,Lelepa,0.0,0.0,0.296,0.0,0.032,0.0,0.06,0.0,0.692,0.344,0.0,0.0,0.0,0.0,0.0,0.0,0.18,0.0,0.0,0.0,0.0,0.0,0.0
135,167,0.0,0.514060742407199,0.41732283464566927,0.0686164229471316,1.7780000000000002,0.0,0.0,2020-11-13,0.0,Lelepa,0.0,0.0,0.0,0.0,0.064,0.0,0.238,0.116,0.338,0.026,0.0,0.0,0.0,0.0,0.0,0.122,0.85,0.0,0.0,0.024,0.0,0.0,0.0
136,168,0.4761593729588504,0.0,0.20901371652514697,0.31482691051600264,3.0620000000000003,1.8,5.51,2020-11-13,0.0,Lelepa,0.0,0.0,0.626,0.0,0.0,0.0,0.536,0.0,0.086,0.018,0.338,0.0,0.0,0.0,0.0,0.0,0.0,1.458,0.0,0.0,0.0,0.0,0.0
137,169,0.6283068783068783,0.023809523809523808,0.3478835978835979,0.0,1.512,2.69,4.07,2020-11-13,0.0,Lelepa,0.0,0.0,0.0,0.0,0.0,0.036,0.08,0.0,0.144,0.012,0.0,0.95,0.0,0.0,0.0,0.0,0.0,0.0,0.0,0.234,0.056,0.0,0.0
138,170,0.6175298804780877,0.0,0.1001707455890723,0.2822993739328401,7.028,2.12,14.9,2020-11-13,0.0,Lelepa,0.0,0.03,1.954,0.0,0.0,0.0,0.666,0.0,0.0,0.038,0.0,0.0,0.0,0.0,0.0,0.0,0.0,1.058,3.282,0.0,0.0,0.0,0.0
139,171,1.0,0.0,0.0,0.0,0.056,3.12,0.17,2020-11-13,0.0,Lelepa,0.0,0.0,0.0,0.0,0.0,0.0,0.0,0.0,0.0,0.0,0.0,0.056,0.0,0.0,0.0,0.0,0.0,0.0,0.0,0.0,0.0,0.0,0.0
140,172,0.0,0.006129597197898425,0.447460595446585,0.5464098073555167,2.284,0.0,0.0,2020-11-13,0.0,Lelepa,0.0,0.0,0.768,0.0,0.0,0.014,0.278,0.198,0.504,0.042,0.0,0.0,0.0,0.0,0.0,0.48,0.0,0.0,0.0,0.0,0.0,0.0,0.0
141,173,0.9534278959810875,0.0,0.0,0.04657210401891253,8.46,2.97,25.13,2020-11-13,0.0,Lelepa,0.0,0.0,0.394,0.0,0.0,0.0,0.0,0.0,0.0,0.0,0.0,0.0,0.0,0.0,0.0,0.0,0.0,5.134,2.932,0.0,0.0,0.0,0.0
142,174,0.7507055503292569,0.16745061147695203,0.08184383819379115,0.0,2.1260000000000003,2.92,6.21,2020-11-13,0.0,Lelepa,0.0,0.0,0.0,0.0,0.022,0.156,0.0,0.0,0.126,0.048,0.0,0.0,0.0,0.0,0.0,0.0,0.178,0.0,1.596,0.0,0.0,0.0,0.0
143,175,0.022556390977443608,0.11654135338345864,0.8609022556390977,0.0,0.532,0.14,0.07,2020-11-13,0.0,Lelepa,0.0,0.0,0.0,0.0,0.0,0.062,0.258,0.0,0.16,0.04,0.0,0.012,0.0,0.0,0.0,0.0,0.0,0.0,0.0,0.0,0.0,0.0,0.0
144,176,0.461086637298091,0.0910425844346549,0.10279001468428782,0.3450807635829662,1.362,1.72,2.34,2020-11-13,0.0,Lelepa,0.0,0.0,0.0,0.0,0.0,0.074,0.0,0.0,0.112,0.028,0.0,0.0,0.05,0.0,0.47,0.0,0.0,0.0,0.628,0.0,0.0,0.0,0.0
145,177,0.0,0.0,0.7804878048780488,0.2195121951219512,0.32799999999999996,0.0,0.0,2020-11-13,0.0,Lelepa,0.0,0.0,0.072,0.0,0.0,0.0,0.152,0.0,0.038,0.044,0.0,0.0,0.0,0.0,0.0,0.0,0.0,0.0,0.0,0.022,0.0,0.0,0.0
146,178,0.0,0.315,0.495,0.18999999999999997,0.4,0.0,0.0,2020-11-13,0.0,Lelepa,0.0,0.0,0.076,0.0,0.126,0.0,0.136,0.0,0.054,0.0,0.0,0.0,0.0,0.0,0.0,0.0,0.0,0.0,0.0,0.0,0.008,0.0,0.0
147,179,0.0,0.023758099352051833,0.8596112311015118,0.11663066954643628,0.926,0.0,0.0,2020-11-13,0.0,Lelepa,0.0,0.0,0.108,0.0,0.0,0.0,0.0,0.012,0.73,0.03,0.0,0.0,0.022,0.0,0.0,0.0,0.0,0.0,0.0,0.024,0.0,0.0,0.0
148,180,0.77313769751693,0.0,0.046275395033860044,0.1805869074492099,1.7720000000000002,2.52,4.47,2020-11-13,0.0,Lelepa,0.0,0.0,0.32,0.0,0.0,0.0,0.052,0.0,0.016,0.014,0.0,0.0,0.0,0.0,0.0,0.0,0.0,0.0,1.37,0.0,0.0,0.0,0.0
149,181,0.018126888217522653,0.11085289333023471,0.6379270276551242,0.23309319079711827,8.606,0.1,0.86,2020-11-13,0.0,Lelepa,0.0,0.0,0.91,0.0,0.14,0.416,3.338,0.068,0.916,1.12,0.38,0.156,0.398,0.0,0.716,0.0,0.0,0.0,0.0,0.0,0.048,0.0,0.0
150,182,0.4773869346733668,0.016750418760469014,0.3685092127303183,0.13735343383584592,1.194,2.06,2.46,2020-11-13,0.0,Lelepa,0.0,0.0,0.164,0.0,0.0,0.02,0.346,0.0,0.078,0.0,0.0,0.57,0.0,0.0,0.0,0.0,0.0,0.0,0.0,0.0,0.016,0.0,0.0
151,183,0.0,0.0,0.26666666666666666,0.7333333333333334,0.18,0.0,0.0,2020-11-13,0.0,Lelepa,0.0,0.132,0.0,0.0,0.0,0.0,0.0,0.0,0.028,0.02,0.0,0.0,0.0,0.0,0.0,0.0,0.0,0.0,0.0,0.0,0.0,0.0,0.0
152,184,0.0,0.45927036481759115,0.3148425787106447,0.22588705647176405,4.001999999999999,0.0,0.0,2020-11-13,0.0,Lelepa,0.0,0.0,0.828,0.0,0.0,0.0,0.52,0.03,0.174,0.368,0.0,0.0,0.0,0.0,0.0,0.0,1.838,0.0,0.0,0.134,0.034,0.0,0.076
153,185,0.6899871630295251,0.028883183568677796,0.2124518613607189,0.06867779204107831,3.1159999999999997,2.67,8.32,2020-11-13,0.0,Lelepa,0.0,0.214,0.0,0.0,0.082,0.008,0.386,0.0,0.222,0.046,0.0,0.0,0.0,0.0,0.0,0.0,0.0,2.15,0.0,0.0,0.008,0.0,0.0
154,186,0.3824531516183986,0.0762350936967632,0.2932282793867121,0.24808347529812608,4.696000000000001,1.63,7.65,2020-11-22,0.0,Luganville,0.0,0.42,0.458,0.0,0.0,0.054,0.143,0.22,0.536,0.331,0.206,0.0,0.0,0.0,0.081,0.0,0.304,0.118,1.678,0.098,0.049,0.0,0.0
155,187,0.0,0.0,0.06796116504854369,0.9320388349514562,0.515,0.0,0.0,2020-11-22,0.0,Luganville,0.0,0.0,0.48,0.0,0.0,0.0,0.022,0.0,0.0,0.013,0.0,0.0,0.0,0.0,0.0,0.0,0.0,0.0,0.0,0.0,0.0,0.0,0.0
156,188,0.9576307825335063,0.018374405533938612,0.023994811932555125,0.0,4.6259999999999994,3.11,14.39,2020-11-22,0.0,Luganville,0.0,0.0,0.0,0.0,0.0,0.07,0.0,0.051,0.06,0.0,0.0,0.0,0.015,0.0,0.0,0.0,0.0,3.836,0.0,0.0,0.0,0.594,0.0
157,189,0.023318385650224215,0.0,0.2789237668161435,0.6977578475336323,1.1150000000000002,0.09,0.1,2020-11-22,0.0,Luganville,0.0,0.07,0.335,0.0,0.0,0.0,0.116,0.046,0.021,0.128,0.0,0.0,0.0,0.373,0.0,0.0,0.0,0.0,0.0,0.0,0.0,0.026,0.0
158,190,0.2046810463515374,0.15190454336851764,0.0793942175309775,0.5640201927489674,2.179,0.79,1.72,2020-11-22,0.0,Luganville,0.0,0.027,0.832,0.0,0.0,0.175,0.045,0.038,0.085,0.005,0.0,0.0,0.0,0.0,0.37,0.0,0.156,0.446,0.0,0.0,0.0,0.0,0.0
159,191,0.0,0.01678777248809822,0.12853921322976697,0.8546730142821348,3.9910000000000005,0.0,0.0,2020-11-22,0.0,Luganville,0.0,0.0,2.48,0.0,0.0,0.055,0.193,0.035,0.117,0.137,0.656,0.0,0.0,0.0,0.193,0.082,0.012,0.0,0.0,0.031,0.0,0.0,0.0
160,192,0.42052679382379654,0.11035422343324251,0.19285498032092038,0.2762640024220406,6.606,1.71,11.3,2020-11-22,0.0,Luganville,0.0,0.0,0.746,0.0,0.47,0.0,0.307,0.04,0.71,0.181,0.508,0.464,0.031,0.0,0.54,0.009,0.228,2.314,0.0,0.036,0.0,0.0,0.022
161,193,0.7022487130858845,0.11108100785694935,0.11853156326198863,0.06813871579517747,7.381999999999999,2.69,19.86,2020-11-22,0.0,Luganville,0.0,0.014,0.349,0.0,0.0,0.618,0.084,0.054,0.356,0.381,0.0,0.988,0.202,0.0,0.14,0.0,0.0,2.188,1.93,0.0,0.0,0.078,0.0
162,194,0.32594644506001846,0.052016004924592185,0.22868574946137274,0.3933518005540167,3.249,1.3,4.22,2020-11-22,0.0,Luganville,0.0,0.012,0.343,0.584,0.023,0.039,0.283,0.057,0.23,0.125,0.22,0.0,0.056,0.0,0.069,0.05,0.051,0.867,0.192,0.048,0.0,0.0,0.0
163,195,0.9930310591069432,0.0023229802976856236,0.004645960595371247,0.0,11.623,3.12,36.26,2020-11-22,0.0,Luganville,0.0,0.0,0.0,0.0,0.0,0.0,0.0,0.0,0.03,0.024,0.0,0.0,0.0,0.0,0.0,0.0,0.027,0.0,11.542,0.0,0.0,0.0,0.0
164,196,0.6168823731531325,0.03080975833237888,0.06860611613789944,0.2837017523765892,8.731,2.12,18.51,2020-11-22,0.0,Luganville,0.0,0.0,0.13,0.0,0.023,0.087,0.383,0.0,0.0,0.138,0.642,0.0,0.0,0.459,1.246,0.0,0.159,4.418,0.968,0.078,0.0,0.0,0.0
165,197,0.48899929027679206,0.0,0.1575585521646558,0.35344215755855224,1.4089999999999998,1.77,2.49,2020-11-22,0.0,Luganville,0.0,0.0,0.498,0.0,0.0,0.0,0.0,0.0,0.0,0.0,0.0,0.0,0.0,0.0,0.0,0.0,0.0,0.0,0.689,0.0,0.222,0.0,0.0
166,198,0.671957671957672,0.08167989417989417,0.23214285714285712,0.014219576719576719,3.024,2.75,8.32,2020-11-22,0.0,Luganville,0.0,0.011,0.0,0.0,0.024,0.182,0.111,0.0,0.388,0.174,0.0,0.147,0.041,0.0,0.0,0.032,0.0,1.885,0.0,0.024,0.005,0.0,0.0
167,199,0.0,0.13948497854077252,0.26394849785407726,0.5965665236051503,0.466,0.0,0.0,2020-11-22,0.0,Luganville,0.0,0.013,0.265,0.0,0.037,0.0,0.0,0.029,0.064,0.0,0.0,0.0,0.0,0.0,0.0,0.0,0.028,0.0,0.0,0.03,0.0,0.0,0.0
168,200,0.602357984994641,0.10342979635584137,0.27813504823151125,0.01607717041800643,1.866,2.6,4.85,2020-11-22,0.0,Luganville,0.0,0.0,0.03,0.0,0.062,0.0,0.069,0.324,0.088,0.027,0.0,0.0,0.131,0.0,0.0,0.0,0.0,0.0,1.124,0.011,0.0,0.0,0.0
169,201,0.8462631765959968,0.03920407438114414,0.0626554542224328,0.05187729480042639,8.443,2.91,24.57,2020-11-22,0.0,Luganville,0.0,0.077,0.222,0.006,0.064,0.149,0.094,0.028,0.33,0.074,0.08,0.0,0.013,0.0,0.049,0.004,0.105,6.61,0.535,0.0,0.003,0.0,0.0
170,202,0.5408906882591094,0.04893001735106999,0.09670329670329672,0.313475997686524,8.645,1.93,16.68,2020-11-22,0.0,Luganville,0.0,0.039,1.671,0.0,0.011,0.067,0.2,0.0,0.388,0.135,0.0,1.24,0.035,0.0,1.0,0.0,0.31,2.586,0.85,0.087,0.026,0.0,0.0
171,203,0.6904099424967539,0.09645705805972919,0.14487108143201632,0.06826191801150065,5.391,2.67,14.39,2020-11-22,0.0,Luganville,0.0,0.056,0.0,0.121,0.083,0.0,0.29,0.0,0.341,0.091,0.191,0.0,0.24,0.0,0.0,0.0,0.197,0.0,3.722,0.059,0.0,0.0,0.0
172,204,0.274364406779661,0.07786016949152542,0.45974576271186446,0.18802966101694912,1.8880000000000001,1.32,2.49,2020-11-22,0.0,Luganville,0.0,0.013,0.0,0.194,0.024,0.048,0.225,0.077,0.359,0.197,0.0,0.036,0.075,0.044,0.104,0.0,0.0,0.482,0.0,0.01,0.0,0.0,0.0
173,205,0.0,0.11192109777015438,0.21483704974271015,0.6732418524871355,2.332,0.0,0.0,2020-11-20,0.0,Luganville,0.0,0.013,1.017,0.0,0.0,0.059,0.149,0.05,0.186,0.07,0.157,0.0,0.0,0.298,0.0,0.072,0.202,0.0,0.0,0.046,0.0,0.0,0.013
174,206,0.013855421686746989,0.06566265060240964,0.17831325301204823,0.7421686746987952,1.6599999999999997,0.05,0.08,2020-11-20,0.0,Luganville,0.0,0.014,1.218,0.0,0.0,0.016,0.0,0.0,0.14,0.156,0.0,0.023,0.0,0.0,0.0,0.0,0.093,0.0,0.0,0.0,0.0,0.0,0.0
175,207,0.8967535335689047,0.021311837455830387,0.020207597173144878,0.06172703180212015,9.056000000000001,2.91,26.35,2020-11-20,0.0,Luganville,0.0,0.0,0.4,0.0,0.016,0.0,0.0,0.064,0.107,0.012,0.159,3.428,0.026,0.0,0.0,0.0,0.151,0.033,4.66,0.0,0.0,0.0,0.0
176,208,0.9971755211835911,0.0,0.002824478816408877,0.0,7.435,3.12,23.2,2020-11-20,0.0,Luganville,0.0,0.0,0.0,0.0,0.0,0.0,0.0,0.0,0.021,0.0,0.0,0.0,0.0,0.0,0.0,0.0,0.0,7.414,0.0,0.0,0.0,0.0,0.0
177,209,0.5551839464882943,0.06187290969899666,0.14882943143812707,0.23411371237458198,2.9899999999999998,2.1,6.28,2020-11-20,0.0,Luganville,0.0,0.013,0.687,0.0,0.0,0.012,0.041,0.0,0.364,0.04,0.0,0.256,0.15,0.0,0.0,0.0,0.023,0.0,1.404,0.0,0.0,0.0,0.0
178,210,0.8811904208323645,0.005754475703324808,0.05033713089979075,0.06271797256451987,17.204000000000004,2.9,49.89,2020-11-20,0.0,Luganville,0.0,0.017,0.584,0.0,0.0,0.013,0.178,0.076,0.465,0.042,0.134,0.0,0.036,0.0,0.309,0.035,0.05,5.218,9.942,0.105,0.0,0.0,0.0
179,211,0.8399209486166008,0.0,0.030847224609039357,0.12923182677435985,11.638,2.7,31.42,2020-11-20,0.0,Luganville,0.0,0.0,0.841,0.0,0.0,0.0,0.15,0.0,0.081,0.008,0.524,0.0,0.0,0.0,0.139,0.0,0.0,9.775,0.0,0.12,0.0,0.0,0.0
180,212,1.0,0.0,0.0,0.0,8.452,3.12,26.37,2020-11-20,0.0,Luganville,0.0,0.0,0.0,0.0,0.0,0.0,0.0,0.0,0.0,0.0,0.0,0.0,0.0,0.0,0.0,0.0,0.0,8.452,0.0,0.0,0.0,0.0,0.0
181,213,0.3125776122050736,0.0541067943941813,0.3122228135533085,0.32109277984743656,5.637,1.33,7.5,2020-11-20,0.0,Luganville,0.0,0.023,1.318,0.268,0.012,0.193,0.147,1.348,0.074,0.052,0.192,0.0,0.076,0.0,0.0,0.009,0.024,1.464,0.298,0.139,0.0,0.0,0.0
182,214,0.6029064486830155,0.0,0.02615803814713897,0.3709355131698456,5.505,1.93,10.62,2020-11-20,0.0,Luganville,0.0,0.319,0.0,1.182,0.0,0.0,0.029,0.0,0.019,0.071,0.144,2.236,0.0,0.0,0.397,0.0,0.0,0.085,0.998,0.025,0.0,0.0,0.0
183,215,0.41496271349530905,0.1036805388501323,0.23863363002165022,0.24272311763290838,4.157,1.74,7.23,2020-11-20,0.0,Luganville,0.0,0.058,0.378,0.032,0.059,0.0,0.288,0.0,0.362,0.292,0.069,0.0,0.0,0.0,0.425,0.047,0.372,0.0,1.638,0.04,0.01,0.087,0.0
184,216,0.034869240348692404,0.22602739726027396,0.3935242839352428,0.3455790784557908,1.6060000000000003,0.18,0.29,2020-11-20,0.0,Luganville,0.0,0.015,0.032,0.0,0.064,0.046,0.258,0.0,0.282,0.072,0.341,0.056,0.118,0.0,0.0,0.091,0.135,0.0,0.0,0.0,0.02,0.0,0.076
185,217,0.9896935177651207,0.0,0.010306482234879306,0.0,7.3740000000000006,3.12,23.01,2020-11-20,0.0,Luganville,0.0,0.0,0.0,0.0,0.0,0.0,0.0,0.075,0.001,0.0,0.0,0.0,0.0,0.0,0.0,0.0,0.0,7.12,0.0,0.0,0.0,0.178,0.0
186,218,0.33630952380952384,0.06845238095238095,0.1988095238095238,0.3964285714285714,1.68,1.33,2.23,2020-11-20,0.0,Luganville,0.0,0.038,0.628,0.0,0.0,0.0,0.022,0.0,0.199,0.069,0.0,0.17,0.0,0.0,0.0,0.0,0.115,0.0,0.395,0.044,0.0,0.0,0.0
187,219,0.5187898841881353,0.016544552115339166,0.3717797211061215,0.09288584259040417,4.231,2.25,9.52,2020-11-19,0.0,Luganville,0.0,0.0,0.393,0.0,0.0,0.053,1.349,0.0,0.164,0.048,0.0,0.0,0.0,0.0,0.0,0.0,0.017,1.274,0.921,0.0,0.012,0.0,0.0
188,220,0.47596382674916704,0.2170395049976202,0.1703950499762018,0.13660161827701095,2.101,2.06,4.33,2020-11-19,0.0,Luganville,0.0,0.0,0.287,0.0,0.0,0.198,0.0,0.0,0.148,0.208,0.0,0.77,0.201,0.0,0.0,0.0,0.057,0.0,0.23,0.0,0.002,0.0,0.0
189,221,0.8998983739837398,0.013211382113821135,0.08003048780487804,0.006859756097560975,3.936,3.07,12.08,2020-11-19,0.0,Luganville,0.0,0.0,0.027,0.0,0.0,0.052,0.103,0.0,0.08,0.0,0.0,0.37,0.0,0.0,0.0,0.0,0.0,0.91,2.262,0.132,0.0,0.0,0.0
190,222,0.6277842907385697,0.011723329425556856,0.1260257913247362,0.23446658851113716,3.412,2.23,7.61,2020-11-19,0.0,Luganville,0.0,0.02,0.78,0.0,0.0,0.04,0.082,0.0,0.116,0.188,0.0,0.0,0.0,0.0,0.0,0.0,0.0,0.0,2.142,0.044,0.0,0.0,0.0
191,223,0.6357189757058437,0.05778069599474721,0.20131319763624428,0.10518713066316482,7.614999999999999,2.5,19.04,2020-11-19,0.0,Luganville,0.0,0.159,0.259,0.03,0.114,0.042,0.624,0.078,0.486,0.312,0.304,0.177,0.0,0.0,0.049,0.0,0.284,2.952,1.712,0.0,0.033,0.0,0.0
192,224,0.2776848444295751,0.07761793241886918,0.11308129809300767,0.5316159250585479,5.978000000000001,1.03,6.16,2020-11-19,0.0,Luganville,0.0,0.066,2.386,0.0,0.264,0.2,0.0,0.064,0.352,0.26,0.718,0.0,0.0,0.0,0.0,0.008,0.0,0.0,1.66,0.0,0.0,0.0,0.0
193,225,0.2906748809857183,0.11061327359283114,0.09353122374684963,0.505180621674601,3.571,1.09,3.89,2020-11-19,0.0,Luganville,0.0,0.0,0.058,0.0,0.055,0.194,0.031,0.0,0.126,0.127,0.29,0.053,0.044,0.0,1.456,0.0,0.102,0.0,0.985,0.05,0.0,0.0,0.0
194,226,0.7692680562287929,0.0465341735336888,0.06301502666020359,0.12118274357731458,4.1259999999999994,2.66,10.98,2020-11-19,0.0,Luganville,0.0,0.009,0.491,0.0,0.0,0.112,0.187,0.0,0.068,0.005,0.0,0.0,0.004,0.0,0.0,0.0,0.076,2.364,0.81,0.0,0.0,0.0,0.0
195,227,0.5074941451990632,0.18735362997658084,0.1332552693208431,0.1718969555035129,4.27,2.09,8.92,2020-11-19,0.0,Luganville,0.0,0.029,0.138,0.033,0.0,0.397,0.0,0.0,0.452,0.117,0.271,0.787,0.0,0.0,0.263,0.0,0.403,0.402,0.978,0.0,0.0,0.0,0.0
196,228,0.6128334534967557,0.07858687815428984,0.1395097332372026,0.169069935111752,2.774,2.33,6.46,2020-11-19,0.0,Luganville,0.0,0.013,0.376,0.0,0.0,0.101,0.082,0.0,0.3,0.005,0.0,0.0,0.0,0.0,0.0,0.011,0.117,0.328,1.372,0.0,0.0,0.0,0.069
197,229,0.3661112414926074,0.1361182820934053,0.09199718375968083,0.40577329265430645,4.261,1.4,5.97,2020-11-19,0.0,Luganville,0.0,0.0,0.368,0.324,0.04,0.484,0.112,0.003,0.161,0.116,0.0,0.0,0.0,0.0,0.683,0.0,0.056,0.0,1.56,0.0,0.0,0.0,0.354
198,230,0.19690265486725664,0.295353982300885,0.31305309734513276,0.1946902654867257,1.808,0.99,1.79,2020-11-19,0.0,Luganville,0.0,0.015,0.0,0.327,0.044,0.404,0.03,0.0,0.316,0.005,0.0,0.356,0.002,0.0,0.0,0.01,0.084,0.0,0.0,0.193,0.022,0.0,0.0
199,231,0.5592521308770965,0.02886994775914215,0.25955457794885894,0.15232334341490242,3.6370000000000005,2.25,8.18,2020-11-19,0.0,Luganville,0.0,0.06,0.486,0.0,0.078,0.01,0.062,0.018,0.278,0.124,0.0,0.0,0.0,0.0,0.0,0.008,0.017,2.024,0.0,0.462,0.0,0.01,0.0
200,232,0.928829580205727,0.00546751922898712,0.03456584190529145,0.031137058659994447,10.791,3.01,32.48,2020-11-19,0.0,Luganville,0.0,0.0,0.336,0.0,0.0,0.059,0.0,0.231,0.0,0.0,0.0,0.0,0.0,0.0,0.0,0.0,0.0,0.04,9.908,0.039,0.103,0.075,0.0
201,233,0.0,0.6341350601295097,0.15217391304347827,0.21369102682701202,2.162,0.0,0.0,2020-11-19,0.0,Luganville,0.0,0.0,0.147,0.0,0.0,0.025,0.081,0.0,0.22,0.028,0.0,0.0,1.346,0.315,0.0,0.0,0.0,0.0,0.0,0.0,0.0,0.0,0.0
202,249,0.8306990110726059,0.024173780745499113,0.07074634434959005,0.07438086383230497,11.831000000000001,2.84,33.6,2020-11-20,0.0,Luganville,0.0,0.03,0.656,0.0,0.0,0.059,0.062,0.395,0.341,0.039,0.194,0.202,0.227,0.0,0.0,0.0,0.0,0.682,8.944,0.0,0.0,0.0,0.0
203,250,1.0,0.0,0.0,0.0,36.75,3.12,114.66,2020-11-09,0.0,Shefa Rural,0.0,0.0,0.0,0.0,0.0,0.0,0.0,0.0,0.0,0.0,0.0,0.0,0.0,0.0,0.0,0.0,0.0,36.75,0.0,0.0,0.0,0.0,0.0
